dir,EWCII,VminCII,EWSiIIabs,EWSiIIemi,VSiII
0.0,-0.33971378318799583,-222.38808171416673,0.843080384570281,-0.3954526324300949,-140.5030466341704
1.0,-0.1846444291797581,-213.7165518626629,-0.1693676402928576,-0.8035323400924151,-131.81920131532786
2.0,0.25343654020188827,-206.6407124485258,0.447476707422543,-0.3718875036429473,-124.73331266299034
3.0,0.03182205286286027,-215.31224229999634,0.5028115991033706,-0.4787254051182157,-133.4171579817996
4.0,-0.37224738624955683,15.66675725022236,0.8013794942502885,-0.2934118508153941,-149.56769218017615
5.0,-0.4294659029979485,-230.23094052250556,0.41865929386703093,-0.5038616652785002,113.27931830779139
6.0,-0.4263959377352234,-220.9399146115411,-0.19066438579836564,-0.706702688680885,-1447.2346344360287
7.0,0.20447798771727327,-209.00935097765876,0.022554958731872764,-0.5326224640672035,-127.10531517651353
8.0,0.14008322975889506,-201.42801199085767,0.17714788950094812,-0.277801416039037,-119.5132090315917
9.0,-0.10850268831826443,-202.63694320861958,0.24542607767859276,-0.30236054993717865,140.91250512778507
10.0,-0.48376836079304597,-211.92796911955074,0.4498044478339247,-0.4769276565086674,-130.02807839395015
11.0,-0.25685563138614725,-223.8585327534331,-0.09679701929398633,-0.8635624315201809,-141.9755860352876
12.0,-0.03841011107304397,6.409558598561385,0.0964235389319875,-0.6239144605042033,-158.83803807686752
13.0,-0.6328703132890965,4.495262350242028,0.23561587371313825,-0.7171191987447694,-160.75505304420125
14.0,-0.31442273751751165,8.737951805596204,0.6002064407474527,-0.590618750372371,-156.506338042654
15.0,-0.35206673875872985,-229.10582723910568,0.5482730423201957,-0.4204133022301322,-147.23033282581656
16.0,0.012630586457144618,-217.30478996556602,-0.3075927113000031,-0.6935850347377701,-135.41253550048745
17.0,0.2721625036531818,40.978985219031095,0.36918110806758786,-0.2355548921832919,-124.21951531631628
18.0,0.9996880402672637,48.537333037283155,0.45131342272267044,-0.25048016769930115,-116.65043299253442
19.0,0.5566663169477111,50.451629285602515,-0.016360687723575698,-0.30812445544620287,146.90294429842152
20.0,0.2868977780036532,46.20893983018177,0.45414310629862786,-0.3804866032132399,142.65422929694083
21.0,-0.10448666951108573,-210.160539106096,0.42386094552288694,-0.3762080840901909,133.3782240800368
22.0,-0.4786854518828402,-221.96157637970222,0.5331256967507149,-0.5518455737724576,-140.0759355689145
23.0,-0.02115310276627493,-233.13872257377622,-0.04823416277772517,-0.8179121969788961,-151.26895575308566
24.0,1.082186557789725,-3.5207417207702676,0.47955219987518377,-0.6619438915356096,-168.78244159262687
25.0,0.4829112978035544,-6.889425526623715,0.610672317861888,-0.5324154631460086,-172.15590966566742
26.0,-0.6067621119978475,-5.708551353424505,0.07950963931591741,-0.7292350437949702,-170.97335839310264
27.0,0.17915877693495724,-0.1578965893639088,0.39545336853603213,-0.6830051181221062,-165.4148204863217
28.0,-0.7554705563290238,-238.18912709599982,0.7095725151603121,-0.2655824879972452,-156.32653295338037
29.0,-0.24137702468946093,-226.9706320427732,0.6903460509848632,-0.32590428845647934,-145.09210518561787
30.0,0.010050689463604304,31.789674394437654,0.16288775437832673,-0.4067255212679641,-133.42187697039842
31.0,0.5366591479547727,42.10436748407352,0.32260378664824496,-0.2759928598982051,-123.09253476252987
32.0,0.9988884380461679,49.50975769679449,0.3357729246001986,-0.3537321576815304,-115.67662727750277
33.0,1.0511975469660115,52.878441502614656,0.6987508595488232,-0.12431935184114479,-112.3031592044955
34.0,0.45290816816091406,51.69756732948201,0.921431179368702,-0.14306765328734916,-113.48571047702703
35.0,0.3991262086758217,46.146912565388135,1.1334477860569756,-0.0670243304771062,142.59211393978097
36.0,-0.039611013982738245,-210.03511490902216,0.34282240971888933,-0.38510928884175055,133.50382640687292
37.0,-0.36065734897422874,-221.2536099622488,0.8032280984514115,-0.35660198581797325,122.2693986391437
38.0,-0.007051506357963501,14.199341581586568,0.7541851421972046,-0.49931119478460007,-151.03719189976454
39.0,0.41641905712196303,3.8846484919507054,0.3544137838112097,-0.5953497654116616,-161.36653410763307
40.0,0.9485829755771626,-14.083894049014708,0.8574115567209545,-0.46785731623063664,-179.360595905527
41.0,0.8244340911762562,-18.18707556872153,0.7765996929793775,-0.5170948578662462,-183.46960483962275
42.0,0.46584975997485517,-18.82281201413947,-0.2570841301561747,-1.0551294866408019,-184.10624416968705
43.0,-0.4239324860961057,-263.03550206303254,0.33550576424712636,-0.7891037288730705,-181.20819520239144
44.0,-0.36343764003933576,-9.788537650784955,0.8355241997614405,-0.5600554498283158,-175.0591391625602
45.0,-0.2992391170559275,-248.1094935527367,0.16540015273062517,-0.7683045717990185,-427.8973508219606
46.0,-0.22703986496133072,9.568143297867516,0.6181224882291301,-0.3849964192245282,-155.6749674970556
47.0,0.12576425532681532,-226.21690696292984,0.5371340317044458,-0.4082322555043298,-144.33730965150215
48.0,0.2987158189639233,31.853636618807695,0.07696238211125574,-0.5895733245874013,-133.35782390566425
49.0,0.4274087622087778,-205.71996626919088,0.6223289415433826,-0.2266962498804948,-123.81125882290793
50.0,0.01686785689558977,-198.55098767091513,0.0699441124842079,-0.28901036059772034,-116.63209870845724
51.0,1.0064326910498786,52.6588228392815,0.3692484993357457,-0.37958487609897174,-112.52308977432818
52.0,0.8320765494636182,53.29455928466616,0.6488753838854925,-0.3120570961611234,-111.88645044426389
53.0,0.05945937903215016,50.400620343069384,1.0455181122222745,-0.1808972328134505,-114.78449941152623
54.0,0.07965885493618827,44.26028492137821,0.9007793378864738,-0.2091921471517722,-120.93355545139076
55.0,-0.4508578394384939,-211.63201715771626,0.41174846018408173,-0.5138412439619974,-129.73170611561255
56.0,-0.05287817803316647,-222.20302501779736,0.45045024895941826,-0.308863248445705,121.31863520676018
57.0,0.1897997687764833,13.582025243000002,1.017044970771566,-0.32068078212634943,-151.65538496248206
58.0,0.8283082726611322,2.6181106517522794,0.9984697415168206,-0.4821121501086837,99.00149161530224
59.0,1.276141097837857,-6.914915450738969,0.9141437991090682,-0.4437943916491346,89.45492653261248
60.0,1.1316589134938084,-21.03176290311134,0.5440949347680775,-0.5444150227894415,-186.31833225169345
61.0,0.5203388955437745,-27.50788693671629,0.5156596137472399,-0.5977750799868198,-192.80365379661973
62.0,0.6291374108263913,-30.230507996571387,0.6629556971740361,-0.7641924371786448,-195.5301415733079
63.0,0.3243606646047189,-28.93311696367872,0.19949862341891972,-0.977562152431354,-194.23090796167008
64.0,-0.1387197991716386,-23.742711511794482,0.805228709561148,-0.6220450226597183,-189.03313099978905
65.0,-0.1693235892272463,-15.167364690275095,0.3584564834981664,-0.6062134872188776,-180.4456053118524
66.0,-0.03997151493200898,-4.046491193895842,0.9760598415013593,-0.32187768201657474,-169.3089377449422
67.0,0.7477633925342516,8.531320395721933,0.41118804229165773,-0.5240421992809592,-156.71326291426135
68.0,0.722576354841913,21.334866245542187,0.358178036898059,-0.5845253364579441,-143.891533231477
69.0,0.777520593048128,-213.99578291028507,0.4508911406139464,-0.39376703129690505,-132.09882893210218
70.0,0.2917648192039795,-945.7199710166408,-0.12002344667434481,-0.5118340821927055,-122.48950207762557
71.0,-0.17642853680711879,-197.9239600114665,0.18927666976900578,-0.5043120254024983,-116.00418053269931
72.0,0.2964699454108753,51.905290038911716,0.1673539231411935,-0.3788937773351977,-113.27769275597785
73.0,-0.2507163121744997,-196.49872998450405,0.06127655863020889,-0.21954238886761582,-114.57692636764895
74.0,0.14349339404861577,-201.6891354363883,0.46434823730295594,-0.43576816891056025,-119.77470332946339
75.0,-0.17802809543313425,-210.26448225790767,0.36036803918103044,-0.4390280016202099,-128.36222901743335
76.0,-0.5249040211494519,-221.38535575428693,0.6024046229295642,-0.25399360236198676,122.13746573931195
77.0,0.1478674533212775,13.143461646551827,-0.24881474851416743,-0.8837411951216633,-152.0945714150244
78.0,1.1247566505799795,0.3399157967315711,0.879251954719138,-0.4124414317555424,-164.9163010978753
79.0,1.6418522610191675,235.67056495259212,0.6812997270448702,-0.529007291948724,84.92735692643865
80.0,1.104106782263709,-34.07294568843744,0.9764518042792855,-0.5093472244705093,62.258325957305125
81.0,0.5213702275260823,-39.118357570390884,0.9360114422937814,-0.6556415958148627,-204.4306138357262
82.0,-0.05738378131536305,-39.90008077711336,0.5334590085429424,-0.7342257706429841,-205.21344726023045
83.0,0.49958675474000813,-36.341594794604035,0.27554753555586775,-0.8664460553251848,-201.64990745002225
84.0,-0.2936060753508441,-28.791229024264265,0.7660522397183306,-0.41883287661632673,67.54754381332498
85.0,-0.1742119887696142,-17.988065874148415,0.35988208562790835,-0.621097974556271,-183.2703125077916
86.0,0.2619252413301033,-4.989594223462597,0.6632304004574864,-0.7348766893217792,-170.25338018689231
87.0,0.17252978560199253,8.93180495689977,0.756761535150723,-0.7429194062261874,-156.31220957752694
88.0,1.1086702451250974,22.413408119086245,0.7532008823886712,-0.5128697570031664,-142.81145959278544
89.0,-0.026213774821247718,34.13554201382881,0.44400631556362946,-0.4183600007852083,-131.07267770630838
90.0,0.16711750326895586,-204.15586648803156,0.37623196804108494,-0.47541390195179983,-122.24493767827016
91.0,0.0495004041592548,-199.11045460607812,0.15187794283453818,-0.35672228187481214,-117.19236020889434
92.0,-0.23543980378290713,-198.32873139935563,-0.025172182702402263,-0.40251740359860183,-116.40952678439008
93.0,-0.5308273190698557,-201.88721738183168,0.27122981308919286,-0.4105875973355355,-119.9730665945983
94.0,-0.22190074291557746,-209.43758315220472,-0.02948680119418938,-0.5622946037859319,-127.53415553429001
95.0,-0.43180793490119335,-220.2407463023206,0.38803350225067984,-0.35977852843219726,-138.35266153682895
96.0,0.061214037408222496,13.867411037483427,0.6553197364380028,-0.5006763402806222,-151.3695938577282
97.0,-0.04079163472774004,-0.05398814284565624,0.7449921233804405,-0.5126513237570199,-165.31076446709358
98.0,1.6307994063366902,-13.535591305065417,0.9256129166161439,-0.4160272065792142,-178.8115144518351
99.0,1.7759529428259688,-25.2577251997747,1.2074822891776962,-0.30374639199334796,71.08606598534335
100.0,1.3135476959876096,-38.269949597190966,0.9417697484835577,-0.7138338716327051,-203.58100093781886
101.0,0.9389258748738802,-45.64857330631907,0.8241083937473147,-0.610088794197889,50.6662584186231
102.0,0.4411246682978781,-48.75061338437945,0.8041338340679858,-0.6613328686041136,-214.07654955787547
103.0,0.5101715788777964,-47.27242053545022,0.32809802116201264,-0.7044437687678016,-212.59625735210827
104.0,0.028865086619376278,-41.35869057477081,0.979392449905116,-0.49191388129955727,-206.6741286025427
105.0,0.1410863106690741,-31.588300594232066,0.7319431426458922,-0.48179798842699634,64.74649979049558
106.0,0.11980568973078737,-18.917644439381345,0.5384911225945372,-0.8021691299662772,-184.20121127778023
107.0,-0.06893961128761666,-4.587014216441953,0.6580441745240284,-0.7972594654056442,-169.85022842832421
108.0,0.6497825248196327,10.00080814105165,0.8916650831132125,-0.40692278900027246,-155.2416881752052
109.0,0.2938584348211976,23.417864941509624,0.42832955951490254,-0.8617379498021931,-141.80557622218453
110.0,0.23342505360396718,34.35080118302543,1.1161490975701933,-0.22494338557469545,-130.8571128220699
111.0,0.24632845578033175,41.729424892086975,0.7880577736204001,-0.22565515692251467,-123.46800985495622
112.0,-0.009585768618816794,-202.2751640203425,0.3602680750498122,-0.49230471054830205,-120.36156420207989
113.0,-0.13058210149171215,-203.7533568692717,0.42690731153422296,-0.36696556259600654,-121.84185640784708
114.0,0.4257882209379078,37.439542160538714,0.0876412045175004,-0.6151618887279894,-127.76398515741263
115.0,-0.14659560282895723,-219.43747681052315,0.5738720905483895,-0.3500808201334779,-137.5482512267954
116.0,-0.08858228948780651,-232.1081329653073,0.12579999900070382,-0.5673840938734216,-150.2369024821751
117.0,0.4390346016907885,0.667865802209853,0.10111684038514415,-0.7177884760783892,-164.5878853316644
118.0,0.8460807742978322,-13.919956555283749,1.1561130706368041,-0.4627350282566233,-179.19642558471685
119.0,1.521728167784391,-27.337013355675158,0.5178850078875258,-0.6869231810678715,-192.63253753777082
120.0,0.8686206056859856,-50.00274957922843,0.696044359537625,-0.6032205161009032,-215.3304640597117
121.0,0.42183029064752736,-55.4585925292796,1.0034376293795475,-0.5238655397242201,-220.79405549898806
122.0,0.5108973981688082,-56.303906875511466,0.7732019660448264,-0.5552923351226317,39.99579194730295
123.0,0.4227123120399455,-52.45594736001718,0.8474125961908126,-0.49944150854425906,43.84921640620046
124.0,-0.07376580451843348,-44.29137907058304,0.8809275291078461,-0.5528456764042724,52.02538016678565
125.0,0.8823270965661185,-32.609406837123835,1.157974988016448,-0.42757379798666095,-197.91241897009837
126.0,-0.10310337149822445,-18.553543495054146,0.04505109957651374,-0.9494587066244824,77.79976909312703
127.0,0.6065060311364205,-3.499674881233165,0.8637918755232117,-0.7582736240844081,-168.76134483358564
128.0,0.8844095486699076,11.078621457953414,0.7597310215674786,-0.5824977343853374,-154.162344127878
129.0,0.254358023539202,23.75432030389393,0.6950062037834039,-0.7455457627892403,-141.4686430196326
130.0,0.8029714427272527,33.2866359367434,1.1773941316620162,-0.21148830510107167,-131.92278941554517
131.0,0.4128370584919542,38.742478886794565,0.5949060095733262,-0.40737223588687327,-126.45919797626878
132.0,-0.23620263267024239,-207.5188357574634,0.6068024596732541,-0.24408588210243348,-125.61268309893758
133.0,0.36949753494351056,35.739833717598714,0.5443756295749628,-0.299941083137302,-129.46610755780182
134.0,-0.049919503789712986,27.575265428064725,0.42644920019706817,-0.6292500295717753,-137.642271318387
135.0,0.049373115531658726,-231.213335795851,-0.6475504399848334,-0.9956571897211306,-149.34083450519176
136.0,-0.2536356756873887,1.837429852602401,0.24139602585908618,-0.4496264913113024,-163.41666024472838
137.0,0.1545882532214359,-13.216438761185298,0.7331955320957406,-0.4328007935766085,-178.49190864167122
138.0,1.0737631820670945,-27.794735100438444,0.6938004072491383,-0.4135873125282713,-193.09090934737887
139.0,0.7545693515590626,-40.47043394637896,0.12281434991646306,-1.0097758665393468,-205.78461045565754
140.0,0.8748591627995174,-52.431157203985194,0.48015260234605633,-0.727665765427062,-217.7623205539792
141.0,0.41927612736311354,-60.08700831848558,0.9088975656007934,-0.5369113979957688,36.20731767359049
142.0,0.7847308098709971,-63.30559730273513,0.765129629961898,-0.6504487583178904,32.98415758961338
143.0,1.3855408927151311,-61.77186624176954,1.1966654607945528,-0.39720753035702633,34.520066883873604
144.0,1.198479389360912,-55.635947417939605,0.9641608270562302,-0.5576437932891254,-220.97166227034853
145.0,1.0725438070633089,-45.49846731718557,0.7249764469470515,-0.6957452498069245,50.81657759109245
146.0,1.3254066920598204,-32.351753123761085,0.7119564812239316,-0.8082967417781632,-197.6543993321719
147.0,0.4930245777101544,-17.482696821449906,0.7226779311864567,-0.6563924263006119,-182.76422572062924
148.0,1.462348222164826,-2.3467852399403983,1.0345809977921194,-0.5283817475746444,-167.60681783709893
149.0,0.9356512742005819,11.574373137049449,1.292932152879458,-0.28711524938324756,-153.665888373029
150.0,0.7889402576508903,22.918078333247234,0.8169591687903031,-0.47649887306802463,-142.30607263664572
151.0,0.5472649376803017,30.573929447747624,0.7758269583579085,-0.26165510533129593,-134.63934854055992
152.0,0.25347205374772136,33.792518431997166,0.3764781560747992,-0.45406378765761,-131.41618845661608
153.0,0.6260771919231172,32.25878737103157,0.49479645984633175,-0.28885804829418227,-132.95209775084302
154.0,-0.08554932497764078,-220.9837604432882,0.6270544384695101,-0.467092811827689,-139.0967309202764
155.0,0.44520071133971784,15.985388446480894,-0.14230911939463595,-0.7725021376247195,-149.2486084580286
156.0,0.48835862486965687,2.8386742530564115,0.29146228501034194,-0.6384444871502943,-162.41399385845304
157.0,0.1772663295185024,-12.03038204925477,0.42396042871300843,-0.49108276879451573,-177.3041674699624
158.0,0.1746522244003592,-27.16629363079756,0.9997557312381227,-0.41323240833974995,-192.46157535349275
159.0,0.6317571101404162,-41.08745200778741,0.8759052798017858,-0.4970114925450875,-206.40250481756266
160.0,0.972844469140848,-62.799714807448076,0.945752453244998,-0.8957326351372077,-228.14560377507976
161.0,0.8187633164105448,-68.25555775753253,1.21866317823491,-0.32356345337635806,28.027167109332634
162.0,1.2443719152670512,-69.10087210379768,0.9385609924138648,-0.5756777210970192,-234.45571009168734
163.0,2.3156512095216546,181.85371640218642,1.3399064797321383,-0.5063502463453652,31.034076690799097
164.0,2.06163352822868,-57.08834429880268,1.1333568108119583,-0.3854321161090788,39.21024045145085
165.0,1.5246468484155837,-45.406372065376765,0.7315686964027919,-0.6093582297026481,-210.72755868543317
166.0,0.8897345775055994,-31.350508723373643,1.2035135016271006,-0.4042975641672354,-196.65173294586327
167.0,1.0243606845259312,-16.29664010951938,0.9463131323391827,-0.6679922777207669,-181.57648454895372
168.0,1.4798707770068076,-1.7183437702662332,1.2752156645132082,-0.5781401554871898,-166.97748384324606
169.0,0.915357921112841,10.957355075674286,0.9817124950291778,-0.6794862657117717,-154.28378273496742
170.0,1.263298579981827,20.489670708523754,0.7889226700194852,-0.5425435168913908,-144.73792913087996
171.0,0.4061741852058553,25.94551365857492,0.7237268846265688,-0.33615070989142815,-139.2743376916036
172.0,-0.1013802709704996,26.790828004773505,0.8912155088917709,-0.25647503734596105,-138.42782281430567
173.0,-0.21670716224242598,22.942868489312502,0.33321127190533184,-0.41000649140987067,119.35511505048561
174.0,0.20735870176302773,14.778300199845079,0.45850016427472684,-0.3960658104284972,-150.45741103375508
175.0,1.0320413378361133,3.096327966385876,0.7478220461027203,-0.4446277307557504,-162.1559742205266
176.0,0.5105808766897879,-10.959535375650528,1.1719098895799405,-0.05608512322459723,-176.23179996009645
177.0,-0.16398491935693188,-26.013403989504795,0.9264023464688074,-0.49873389843246874,-191.307048357006
178.0,-0.0188003170613444,-40.591700328691374,1.0777717798295845,-0.44726018440376836,-205.90604906271366
179.0,0.5266994385189704,-53.26739917463189,1.1649919828901016,-0.31631332586943506,-218.59975017099234
180.0,0.47379950366999235,-63.86388005373011,0.9024044630628317,-0.7590230744381478,-229.21128036852176
181.0,1.2971842470848147,-71.24250376279164,1.1921307132399386,-0.4333940013121318,-236.6003833356687
182.0,1.1308225482032142,-74.34454384091859,1.0551333206280424,-0.41710334126977877,-239.70682898854506
183.0,1.8002912605177883,174.24027799856702,1.1485777707322862,-0.46592342179696267,-238.22653678274457
184.0,1.9703231314120193,180.15400795924643,1.1176894627633889,-0.4308389053851057,29.3319542904432
185.0,1.9981001170693962,-57.182231050704644,0.8942679613637913,-0.5512751369110316,39.116220359825974
186.0,1.4534208417136163,-44.51157489592049,1.1713658634983237,-0.41125846288710277,51.804871615238966
187.0,1.0754125827689271,-30.180944672947813,0.942761452658001,-0.609639276228161,-195.48050785896052
188.0,1.2176056331591198,-15.593122315454211,1.2455246529034871,-0.2938650483313836,-180.87196760590808
189.0,1.8884375255224388,-2.176065515029518,0.5260461229707992,-0.5744856160858981,-167.43585565285414
190.0,1.0303078728795196,8.756870726453005,0.9355403141600664,-0.43765141218470827,-156.4873922527728
191.0,0.9386209291542035,16.135494435581112,0.35233700876578533,-0.6521051687124516,-149.09828928559253
192.0,0.77625540297953,19.237534513641485,0.46963127925022,-0.3897723827770931,-145.99184363271618
193.0,0.05450667396024732,17.759341664712267,0.6030855802095793,-0.46044401158544934,-147.47213583851666
194.0,-0.10108179294345222,11.845611704032851,-0.33286315901117924,-0.729287009224729,-153.39426458808222
195.0,0.6625648662205265,2.0752217234941055,0.4987181523920784,-0.4075210969937447,-163.1785306574317
196.0,0.13271968885834431,-10.59543443132333,0.41692508436416464,-0.48429211387729787,-175.8671819128447
197.0,0.2907859988652038,-24.926064654296006,1.101470810073521,-0.26707177867716725,-190.21816476230072
198.0,0.13014523395201003,-39.513887011789606,1.36352087991746,-0.1389487200492566,-204.82670501541972
199.0,0.4565746363575849,-52.9309438122143,0.5425785774361076,-0.5908550833979457,-218.26281696840712
200.0,0.8833194455813346,-72.46384137322951,1.0368343864596021,-0.5288282950964497,-237.82345551235477
201.0,1.0173690505085873,-77.50925325514967,0.9920037520013134,-0.6107252057705761,-242.8760329816973
202.0,0.8679939688873833,-78.29097646187215,0.9222169870705368,-0.4462617225987461,-243.65886640620155
203.0,1.2450311969257968,172.374138511127,1.1501463402662655,-0.36290137243007536,21.541035727628863
204.0,1.4301947485518156,-67.18212470905634,0.8663046936161571,-0.5722098040647523,-232.53423765630163
205.0,0.7952217259574474,-56.37896155890721,0.6123904102324913,-0.6241884927568178,-221.71573165379598
206.0,0.9117202796973245,-43.380489908254674,0.7687076332143454,-0.5984419588531922,52.93756299075878
207.0,1.1820652884278562,-29.45909072785902,1.2636597496945334,-0.37448167660065895,-194.75762872353135
208.0,1.3916416688744044,-15.977487565672543,1.4384024608050794,-0.2076420315170756,-181.25687873875654
209.0,1.4650941322540223,-4.2553536709632604,1.3534287708084203,-0.1572659233175963,-169.5180968523128
210.0,1.6008878544702472,4.559866817699486,1.3071543746047758,-0.14630701894867992,100.94600549938095
211.0,1.1121494025920764,9.605278699686211,0.4265155051001278,-0.48117082234766084,105.99858296875676
212.0,0.27711853733197045,10.387001906375398,0.882844541523743,-0.3916935358343986,106.78141639322774
213.0,-0.5469787099918552,6.828515923866075,0.0701141854327686,-0.4955182594429115,-158.41848574060268
214.0,-0.038574253212921406,-0.7218498464404105,0.402172179754157,-0.5455729172437533,-165.9795746802944
215.0,-0.02477196909514648,-11.525012996589544,0.5386250533014296,-0.34923537685953276,-176.79808068280005
216.0,0.44099266212932087,-24.52348464724208,0.5380181156863918,-0.288693494301626,71.8213493199229
217.0,0.5443289564674556,-285.55151281812755,1.1145812712626857,-0.21176176276767955,57.880178710590805
218.0,0.04359341203823022,-51.926486989824205,0.8992609230862085,-0.5196731228377865,-217.2569335978395
219.0,0.5807012128137056,-63.648620884533486,0.9406250323731389,-0.6728550540413167,32.640646839338956
220.0,0.489097210934971,-72.21962381615634,1.0325131628082567,-0.5711057439376281,-237.57889111296606
221.0,0.9032334350317468,-78.69574784979457,0.5666577464795838,-0.8468782354161883,-244.06421265792562
222.0,0.6571825874810098,-81.41836890961639,1.110164590983369,-0.22105152271569267,-246.79070043464708
223.0,0.6907064195268235,-80.12097787675701,1.0061865824866314,-0.6360286128711854,-245.49146682297598
224.0,0.8200130945386538,-74.93057242487276,0.9479065658870826,-0.36270681187285103,21.342672462493965
225.0,0.032521335628260956,-66.3552256033201,0.6323760408924198,-0.40326719068428984,-231.70616417319158
226.0,-0.18376129060593127,-55.23435210697413,0.7777564969647648,-0.6099603149246904,41.066865717374114
227.0,0.5568055146325092,-42.6565405172565,0.9335620699422561,-0.444548776091231,53.66254054802168
228.0,0.8162512432031783,-29.852994667436246,1.2455619322444331,-0.2442794013669749,66.48427023087258
229.0,1.310517005078441,-18.077014832773674,0.9268365371501375,-0.41943200492856486,78.27697453024741
230.0,1.5419531367457935,-8.481315967626621,0.9770996506898477,-0.3070533477441976,87.88630138469073
231.0,1.3914667788017483,-2.0051919339883857,1.039056096522671,-0.2800799014607016,-167.26473939397195
232.0,0.5760360614611486,0.7174291258334257,1.3282190644868896,-0.4206683738472596,-164.53825161731703
233.0,0.40626172700990254,-0.5799619070592384,0.39148487846077573,-0.5883298082078177,-165.83748522895488
234.0,-0.5416574493625923,-252.8769963494333,0.04017350312163853,-0.6956684478109962,-171.0352621908026
235.0,-0.21153789921975477,-261.45234317098596,0.038566126053432,-0.7550280117986617,82.01357444488298
236.0,0.013294328997645277,-25.466587676808835,0.5711259516494523,-0.41767331895672843,-190.75945544568273
237.0,-0.028057832883436246,-38.04439926645989,1.5113332197536415,0.0037858916342474788,-203.35513027636358
238.0,0.34766412982918965,-50.84794511628015,1.0114252634721357,-0.5606619645075055,-216.17685995914792
239.0,0.7074013782600638,-62.62392495094272,0.7058401365665687,-0.790131781823711,-227.96956425852275
240.0,0.6390151728287691,-78.06872019031265,0.40804746060484764,-0.664102158740666,-243.4362944821677
241.0,0.611511630321017,-82.17190171001945,0.8416499665553192,-0.36529850123961166,14.091058907392037
242.0,0.31692570056627045,-82.80763815537084,0.666416650488737,-0.4402410048569375,-248.18194274632776
243.0,-0.18390803409685458,-79.91369921380735,0.9138784161477626,-0.5208226158052901,16.352468544590078
244.0,-0.3825572489724108,-73.77336379208289,0.46026351783549946,-0.5658955116042405,-239.1348377392009
245.0,-0.13468998868503268,-64.98769070351152,0.6697369367428112,-0.5053910220344875,-230.33668707501238
246.0,0.1578611909208262,-54.416682843430415,0.5610768600298259,-0.5441617230640952,-219.75066607369632
247.0,0.4404682267157736,-43.09510411373796,1.1491666416050668,-0.3409164770526798,53.22335409547936
248.0,0.9043165185182347,-32.13118952245696,1.0763777980543754,-0.4078394691185211,64.20283984138383
249.0,1.3751753863779739,-22.598163419965708,0.9324949796365649,-0.42496274293751335,-187.88695739958192
250.0,1.1665468017109135,-15.429184821723252,0.906261823558854,-0.42990149281472223,80.92856503852427
251.0,1.3309038273091156,-11.326003302016431,1.2929328480985292,-0.28571877947690616,-176.5987883509689
252.0,0.5043336968607084,-10.69026685659849,0.9325796282292496,-0.4711853315103358,-175.9621490209046
253.0,0.15037336573787727,-13.584205798228549,-0.033322666988311746,-0.6238747551641314,-178.8601979882335
254.0,-0.09134274061069117,-266.8311702104761,0.5427438580343027,-0.3339709545071122,-185.00925402803145
255.0,0.08518437999289775,-275.6168432990142,0.6827121075848727,-0.467435652267733,-193.80740469228655
256.0,0.27122645167988313,-39.08122216857219,1.0544077419161362,-0.3766505308435091,-204.39342569356933
257.0,0.21914522005016474,-50.40280089829793,1.2408447466835892,-0.46629278460837037,-215.73108353912278
258.0,0.6740317109018613,-61.366715489545655,0.7685574494406421,-0.8002478133660742,-226.71056928496068
259.0,0.6913475768232412,-70.8997415920369,0.6902976800164229,-0.5656948284737575,-236.25713436768373
260.0,0.38551791694845194,-79.02283656749917,0.6184823426217485,-0.6605297289856169,17.244596410533347
261.0,0.4220573507286537,-82.39152037335262,0.36886799665826275,-0.4886373424596413,-247.76523398612943
262.0,0.14770721661746167,-81.21064620018669,0.5923030479414687,-0.3983919327170503,-246.5826827135979
263.0,-0.6800645265398795,-75.65999143609281,0.4237091571775845,-0.5499730272850097,-241.0241448067837
264.0,-0.4264011738074612,-66.58459295220563,0.1543230007983957,-0.8022753421249977,-231.93585727384237
265.0,-0.5066682661348514,-302.4727268895021,0.3352626934534868,-0.29522710273885244,-220.70142950607985
266.0,0.015009248343342423,-43.71242045232453,1.1220101319239832,-0.30138358071845534,52.60516103276182
267.0,0.6810672029630694,-33.39772736265538,0.8064304028767169,-0.6114432654074033,-198.70185908299186
268.0,0.9643876903227812,-25.992337149967693,1.1107432026537267,-0.388200580149575,-191.28595159796478
269.0,0.771334353607378,-22.623653344114246,0.541276611648552,-0.6445474961760567,-187.9124835249575
270.0,0.7700835444793509,-23.80452751728017,0.5815739609735024,-0.3302409808411738,72.5413275261332
271.0,0.42905245506699285,-29.355182281374052,0.8865521061990705,-0.32610854907932735,-194.65357270430323
272.0,0.3930570846351911,-38.43058076526124,0.5134286465462843,-0.7785649979250179,-203.74186023724457
273.0,0.2460397596569977,-49.64907581848787,1.3369890446817776,-0.22772453283796315,-214.97628800497378
274.0,0.09746247899115301,-308.40938225566543,0.7201897061922261,-0.8719170594637651,-226.64651622022652
275.0,0.25238881736133806,-71.61744635481148,0.5621043033183744,-0.8292398666740759,-236.97585842809508
276.0,0.37135883072728537,-78.05041190798784,0.4962083534512441,-0.5840066106087737,-243.4179601980905
277.0,0.19206688888701695,-79.9647081563072,0.2201811476612505,-0.8469184136980223,-245.33497516542423
278.0,-0.3776423564974351,-75.72201870091973,0.13575846719240653,-0.6678650168748683,-241.08626016387697
279.0,-0.45277273091406134,-66.4591687551318,0.24373246527741438,-0.5739739043198583,-231.81025494700626
280.0,-0.2502675427773805,-54.65813148155885,0.562304848650697,-0.40797110285671206,-219.99245762167715
281.0,0.08534966733234817,-43.48098528745155,1.037432423787142,-0.3962454119038232,-208.799437437506
282.0,0.7293795680630357,-35.922637469266064,1.0930641362285238,-0.29886513996803893,-201.23035511372413
283.0,0.22631620008368122,-34.008341220946704,0.2182107304480278,-0.7074825411614577,-199.3133401463904
284.0,0.4928165893860098,-38.25103067636745,0.4440040528351159,-0.48752746706183137,-203.56205514797094
285.0,0.035113120807959905,-47.513880622122095,1.2311079160560174,-0.2919953771101554,48.79830195881384
286.0,0.3305388216845749,-59.314917895661765,0.6838138161435994,-0.753630139264341,-224.6558576901042
287.0,0.3081083395878333,-70.49206408976906,0.5796190121314935,-0.6163854507099892,-235.84887787427536
288.0,-0.16846962663089843,-75.1916958704034,0.47496973408564924,-0.663686468751462,-240.55518415903325
289.0,-0.19495770699861661,-73.98276465264148,0.263964297523458,-0.7188578187472301,-239.3445359947545
290.0,0.11706701948318333,-64.69173874171032,0.7194447139251561,-0.5585567825082965,-230.04031479667478
291.0,-0.07992759455977486,-52.76117510782796,0.8796420433920127,-0.4311414340024158,-218.09280715530406
292.0,-0.3631552272038396,-45.17983612096032,0.6987878690436994,-0.5004963876815092,-210.5007010104488
293.0,0.1045351902533238,-46.38876733872223,0.6221497026902816,-0.5587421127511991,-211.71134917472753
294.0,0.25624229081324257,-55.67979324971996,0.6230078116129216,-0.5081122983303796,40.62079195084825
295.0,0.298160292107733,-67.61035688360232,0.27608653733268274,-0.8116298483572375,-232.9630780141114
296.0,-0.12518790461943252,-69.97899541273527,0.7317973428630705,-0.4747486491099893,-235.3350805276013
297.0,-0.02931936396168343,-61.30746556126472,0.8283798150677786,-0.3814164025093594,-226.65123520882534
298.0,0.14085092780134342,-54.23162614709434,0.38096946689868305,-0.6837137039920546,-219.56534655645453
299.0,-0.12978939824447824,-62.90315599859817,0.4126861250226852,-0.5642256291502441,33.38717044832516
