Galaxy,OutputAll0,DirAll0,x2All0,outAll0,OutputAll1,DirAll1,x2All1,outAll1,OutputAll2,DirAll2,x2All2,outAll2,OutputAll3,DirAll3,x2All3,outAll3,OutputAll4,DirAll4,x2All4,outAll4,OutputAll5,DirAll5,x2All5,outAll5,OutputAll6,DirAll6,x2All6,outAll6,OutputAll7,DirAll7,x2All7,outAll7,OutputAll8,DirAll8,x2All8,outAll8,OutputAll9,DirAll9,x2All9,outAll9
UDS203722_P4M2Q1_P4M1Q1_P4M4Q1_P4M3Q1_008_1,149,203,1.0829664516262996,-16.0,148,60,1.1401496720264417,-5.0,148,157,1.149582986172644,5.0,148,220,1.1911093487529072,-2.0,152,196,1.2519267341442972,1.0,99,10,1.3259799406391568,-2.0,143,120,1.3834897632486638,-5.0,102,10,1.4712134200466835,-5.0,149,185,1.4905669649262505,-13.0,148,40,1.5379298674986013,-3.0
CDFS002584_P1M1Q4_P1M2Q4_P1M3Q4_P1M4Q4_021_2,120,165,1.2143788555326984,-43.0,101,57,1.305487592432153,-45.0,148,156,1.316204201323457,-44.0,149,183,1.3376305559094404,-48.0,115,151,1.341125517853176,-39.0,153,125,1.3441989901510591,-45.0,116,172,1.3461294139361026,-39.0,144,165,1.3644900785596268,-46.0,153,87,1.3725829903202376,-42.0,109,95,1.3793665208698598,-44.0
CDFS015555_P4M2Q1_P4M3Q1_006_1,155,185,1.1271360294401678,-21.0,132,184,1.168043756096043,-23.0,144,165,1.2029880335032113,-24.0,132,144,1.2051130914553494,-24.0,118,167,1.2110923946312169,-22.0,121,77,1.2254144029862997,-21.0,116,128,1.2404617626869787,-20.0,133,163,1.2425329336772846,-24.0,120,231,1.2457028948796252,-23.0,132,164,1.2481331128282651,-23.0
UDS015507_P2M1Q1_P2M2Q1_P2M3Q1_P2M4Q1_004_2,152,297,0.7465878188552205,22.0,158,53,0.9084437460853437,14.0,160,71,0.9835258713139263,20.0,151,256,0.9918511848492996,21.0,160,70,1.0089698695179543,21.0,158,15,1.0175794806991416,21.0,149,101,1.018964639485048,2.0,160,50,1.0219251844912738,21.0,151,285,1.031987645632057,23.0,161,261,1.033241075891556,23.0
CDFS025828_P2M3Q2_P2M4Q2_013_1,142,148,0.9071544847693711,2.0,118,228,0.9139411857876518,0.0,155,144,0.9213528479844383,-1.0,160,116,0.9241099320452152,-1.0,161,203,0.9243909838548308,2.0,117,147,0.9245429191785709,2.0,115,192,0.9302403290971493,2.0,155,163,0.9340163416265197,-1.0,146,189,0.9364080049368882,2.0,116,230,0.9367944211661791,1.0
UDS152861_P4M1Q3_P4M4Q3_P2M1Q3_P2M4Q3_002_1,149,97,0.42798092158391954,-3.0,148,220,0.4383726366279629,0.0,148,180,0.4537628728737803,0.0,101,204,0.46230953163843186,6.0,148,200,0.4989653580968992,-2.0,148,61,0.5266654898402344,-6.0,149,199,0.5448317057282571,0.0,148,157,0.5465172409442185,3.0,99,77,0.550315764813488,-8.0,149,117,0.5522150193385885,-4.0
UDS002096_P2M1Q4_P2M2Q4_002_2,149,185,2.1209799325405183,-28.0,149,203,2.174884803496925,-32.0,164,97,2.330517303860686,-20.0,148,154,2.3917339287099333,-23.0,101,58,2.461844191596261,-32.0,99,78,2.4771105414314487,-26.0,163,77,2.479483955202222,-21.0,148,177,2.4922573705055364,-18.0,162,183,2.5038481969451385,-19.0,143,120,2.5329483950558846,-21.0
UDS013500_P2M1Q1_P2M4Q1_P3M1Q2_P3M2Q2_002_1,148,220,1.245175682209612,3.0,148,157,1.367178081518733,6.0,148,60,1.6069364412766018,0.0,149,136,1.677730539717897,5.0,99,10,1.7054000611702356,0.0,149,75,1.7528476287105483,-4.0,120,119,1.7923942079675603,0.0,158,243,1.8390389905482867,3.0,148,200,1.8465690652761984,4.0,143,120,1.8526120280622196,-2.0
UDS151133_P1M2Q4_020_2,148,220,1.7017019039236019,-26.0,148,60,1.7121866359110873,-32.0,148,157,1.7698127922233347,-24.0,143,120,1.7848884477844686,-33.0,101,96,1.830065316406029,-35.0,148,198,1.839853011081553,-30.0,149,136,1.8478590704159228,-27.0,149,203,1.8783239886852183,-41.0,101,21,1.8939332648046832,-32.0,120,119,1.9045941117399847,-32.0
UDS026287_P1M3Q2_P4M4Q1_P1M1Q2_P1M4Q2_P1M2Q2_001_2,148,220,0.7630469709829608,-19.0,149,97,0.8968481145067414,-23.0,148,200,0.9637776611773776,-23.0,148,219,0.9988261850013367,-20.0,109,115,1.0078610003857962,-26.0,151,23,1.0217585747420581,-31.0,149,199,1.0342794483658804,-22.0,101,164,1.035486444701834,-24.0,148,224,1.0363862048525405,-28.0,153,204,1.0380914739481337,-26.0
UDS026179_P2M3Q2_P2M4Q2_015_1,109,191,1.7350896052869065,12.0,163,77,1.7599036993363204,10.0,103,285,1.7641681757061551,13.0,148,60,1.7680227304010556,11.0,164,97,1.7727590240472542,9.0,148,177,1.7801544295908,11.0,148,40,1.7824611497191425,13.0,120,246,1.792305574756443,12.0,164,118,1.7947255755616789,13.0,163,96,1.796329911117958,9.0
CDFS006417_P2M4Q4_P4M3Q4_P4M2Q4_P4M4Q4_P4M1Q4_001_1,100,165,0.8621251619999892,-21.0,101,154,0.8895755929818063,-24.0,158,243,0.9159411329820036,-25.0,152,196,0.9279761805671267,-24.0,99,37,0.9294575095788838,-25.0,102,184,0.930930865947604,-22.0,99,10,0.9468232523820359,-29.0,164,238,0.9571934976506218,-20.0,163,57,0.9611563611655374,-26.0,162,122,0.9638298503289655,-23.0
CDFS208015_P2M1Q4_P2M2Q4_P2M3Q4_P2M4Q4_002_2,153,274,1.258240824451106,37.0,150,37,1.292299255018409,33.0,117,105,1.321558449931283,32.0,145,2,1.346704490479434,31.0,99,56,1.3695900393258766,33.0,157,238,1.3812598940337983,32.0,151,37,1.3957990300666234,31.0,151,53,1.4032250526469605,36.0,152,209,1.422497269901757,33.0,152,252,1.4255579414114596,33.0
CDFS231741_P2M3Q1_P2M4Q1_012_1,132,164,0.416322573807304,-2.0,132,205,0.42958803356501896,1.0,162,183,0.4322005548623557,3.0,163,96,0.439392414092886,4.0,128,187,0.44703860109447885,-1.0,132,186,0.4491773367666156,0.0,118,191,0.4492942356794915,3.0,128,166,0.4513507241814499,-2.0,99,137,0.4527927544879958,-3.0,128,146,0.4593421520897532,-2.0
CDFS238431_P3M3Q1_P3M2Q1_009_1,153,207,1.0754923502560534,16.0,148,95,1.1752642511854072,3.0,143,66,1.1931221878375011,9.0,143,86,1.2072861024907484,8.0,101,143,1.2120097515711217,17.0,99,84,1.2130419132877037,15.0,143,85,1.2141211015380338,7.0,99,144,1.235295759121264,16.0,145,44,1.2437108076399819,6.0,99,222,1.2492325111501854,12.0
CDFS019568_P1M4Q2_P2M1Q2_007_1,149,139,0.8760488457099911,4.0,148,138,0.9114972098973416,2.0,148,101,0.9261528933944416,-2.0,149,80,0.9352116991936044,0.0,145,179,0.9768563511248298,-9.0,140,146,0.9910682756344038,-4.0,149,100,0.992524110839465,3.0,149,114,1.005016321035232,-2.0,149,93,1.006520487446346,-3.0,149,226,1.0074200195581093,-10.0
CDFS123006_P2M3Q2_P4M1Q2_P4M4Q2_P2M2Q2_P4M2Q2_P4M3Q2_001_1,101,21,1.8473168920760468,-12.0,103,79,1.867170092596814,-14.0,100,198,1.921881657269486,-12.0,148,198,1.9222897073893623,-9.0,158,114,1.9249259484483119,-9.0,100,280,1.9258680361660498,-9.0,102,21,1.9855221643329266,-14.0,163,56,1.994789730062222,-10.0,101,79,2.0079456406039737,-15.0,100,158,2.015642648767559,-14.0
CDFS141027_P2M2Q1_P2M3Q1_001_2,99,95,1.0460834771325325,-15.0,156,243,1.0867262741013395,-15.0,153,66,1.1008967846502025,-16.0,148,243,1.1008988779848998,-13.0,115,136,1.112141608124113,-13.0,156,203,1.1387054862953019,-18.0,150,23,1.1596192493787523,-19.0,116,143,1.1676120010100826,-12.0,120,118,1.1686049956285618,-16.0,101,36,1.1777992981067658,-17.0
CDFS129887_P2M3Q1_P2M4Q1_014_1,146,77,1.9066441149486029,-29.0,163,97,1.9533723834869765,-26.0,148,157,1.9573035273804733,-22.0,163,118,1.986194447806032,-23.0,164,137,2.088496061026977,-27.0,146,76,2.117638005214766,-27.0,163,117,2.1267576864590048,-26.0,161,118,2.137596201518297,-26.0,164,118,2.180239741111851,-26.0,146,96,2.195363661463825,-29.0
CDFS247534_P1M1Q1_P1M2Q1_P1M3Q1_P1M4Q1_011_1,150,37,0.9074311051855195,12.0,148,220,0.9799937415797191,3.0,145,16,1.032146001822834,6.0,145,13,1.0386137201662986,3.0,117,105,1.0513621710908359,11.0,110,18,1.065623539841178,11.0,148,157,1.0840537046232863,7.0,152,253,1.0861147735248868,11.0,158,243,1.0975593143848605,8.0,103,256,1.102547475470519,11.0
CDFS101998_P4M3Q4_P4M2Q4_P4M4Q4_P4M1Q4_015_2,120,138,0.790236794618239,3.0,161,203,0.7926784199940511,3.0,161,202,0.8029718925271564,3.0,148,219,0.8030883188667142,6.0,148,238,0.8406425571760511,5.0,161,222,0.857870908348467,2.0,148,199,0.8735943967884163,3.0,161,182,0.8863511082408609,2.0,161,184,0.9034699519650514,4.0,99,96,0.9182602393298055,-1.0
CDFS005891_P4M3Q4_P4M2Q4_P4M4Q4_P4M1Q4_007_1,148,66,0.7290765421749373,-2.0,148,50,0.7333439854262072,5.0,148,67,0.7413709947860758,-2.0,148,71,0.7416870986577967,6.0,160,90,0.7518627798488993,1.0,148,32,0.7540124254117803,7.0,99,20,0.7554126786241552,1.0,148,31,0.755690585820168,5.0,160,91,0.761287746973165,0.0,149,244,0.7667951778259479,0.0
CDFS246390_P2M1Q1_P2M2Q1_P2M3Q1_P2M4Q1_007_2,101,185,0.4483558291443078,5.0,100,55,0.4600127467114645,3.0,101,175,0.4688407565199835,-1.0,99,164,0.47485599137499235,6.0,99,202,0.47808079130985304,5.0,99,145,0.4856071043824015,5.0,101,143,0.5043779446651123,6.0,161,200,0.506731527306413,6.0,99,146,0.5079465575373059,6.0,160,23,0.5083023187297065,2.0
CDFS023037_P1M1Q2_P1M2Q2_P1M3Q2_P1M4Q2_007_1,145,186,1.830386639131817,-19.0,155,164,1.8326658646051976,-17.0,124,248,1.8507650648859566,-15.0,121,97,1.8520509243026533,-18.0,117,98,1.854404612979528,-20.0,145,165,1.859161917411444,-18.0,117,187,1.862933377605198,-17.0,124,249,1.875733448303147,-17.0,124,228,1.8761879549115632,-16.0,121,188,1.8795937058799437,-19.0
CDFS115905_P1M1Q3_P1M4Q3_017_1,113,184,0.7088005376947568,14.0,163,98,0.718071871833066,15.0,145,16,0.7205187672799344,15.0,110,162,0.7306319306131095,15.0,151,53,0.7325900082374953,15.0,112,225,0.7382139213228152,13.0,125,261,0.7397887191359609,15.0,145,13,0.7405683900626717,15.0,122,261,0.7420555608686032,17.0,164,119,0.7455486778129008,13.0
CDFS226606_P2M1Q1_040_1,164,56,0.5541868409855253,-7.0,161,203,0.5624642731503116,-4.0,148,131,0.5735812809562306,-10.0,148,219,0.5760770298915566,-1.0,164,36,0.6255428761627362,-6.0,148,199,0.6353517069494108,-5.0,108,36,0.6434489466752656,-8.0,156,143,0.6465437908523596,-11.0,148,180,0.6504327456096501,-2.0,145,11,0.6550024411425911,-8.0
UDS395442_P4M2Q1_P4M1Q1_P4M4Q1_P4M3Q1_010_2,148,186,1.427937758440351,-22.0,148,103,1.4663472632279995,-9.0,148,259,1.4785655703701301,0.0,148,122,1.5218838908002934,-16.0,148,260,1.524563496011991,-1.0,148,141,1.5409588983215357,-1.0,148,130,1.5935843116385628,-20.0,148,183,1.61022473767902,-13.0,153,27,1.6206069750987646,-9.0,148,161,1.6404738403576682,-11.0
CDFS208175_P3M1Q4_P3M4Q4_P3M2Q4_P3M3Q4_009_1,100,246,2.260463237198417,26.0,161,229,2.2730496576138086,31.0,98,127,2.2940776818541186,28.0,99,70,2.30188003533363,32.0,99,116,2.305022723172348,26.0,99,248,2.3066654284007035,34.0,100,278,2.3070341065874427,28.0,160,225,2.311417855561933,30.0,93,247,2.3173916805794357,29.0,96,149,2.3175147387272568,29.0
UDS003664_P1M1Q4_010_1,153,167,0.8331088592643363,-5.0,153,148,0.8879266388541394,-2.0,107,189,0.8946145612647398,-1.0,153,128,0.9102458118172768,0.0,120,212,0.9282340936081618,-8.0,99,56,0.9358147252891941,2.0,149,147,0.9430493725320378,-5.0,153,173,0.9497732841963121,-1.0,152,188,0.9568615343498293,-3.0,158,186,0.9584520441164849,-10.0
UDS009473_P4M2Q4_P1M1Q3_P4M4Q4_001_1,161,161,2.2146180308804415,-15.0,161,182,2.2170457663704246,-17.0,141,75,2.2487382330852257,-16.0,148,199,2.2542956434197956,-12.0,162,224,2.263982885892198,-14.0,100,278,2.287160037092502,-14.0,161,143,2.2971302229000043,-16.0,161,142,2.2992959502756674,-11.0,155,222,2.304767737113376,-14.0,153,128,2.305131141342187,-12.0
CDFS131961_P3M3Q1_P3M4Q1_P3M1Q1_P3M2Q1_002_1,99,78,5.956615231877327,-31.0,100,138,6.154029601176839,-27.0,99,197,6.200314775603841,-27.0,100,98,6.268827135741233,-28.0,99,177,6.570604181451252,-28.0,95,118,6.933912659462948,-26.0,163,77,6.988433762728531,-24.0,163,117,7.002665168475514,-23.0,163,97,7.004963271102911,-23.0,162,183,7.060442647587982,-24.0
UDS149311_P1M1Q3_P1M2Q3_040_1,148,156,0.8633892868335197,-23.0,127,196,0.9736608484694503,-24.0,117,187,0.991627305629864,-23.0,162,223,0.9962300550094628,-23.0,153,87,0.996610403598885,-20.0,120,187,0.9983293902227842,-25.0,149,75,1.0087795121525576,-22.0,126,205,1.0127738505603332,-25.0,116,188,1.0141787221463987,-23.0,156,224,1.0148868182852333,-27.0
CDFS113988_P3M1Q4_040_1,161,124,1.8393663467509267,20.0,99,129,2.030309363909706,19.0,93,113,2.1268655620842263,18.0,150,37,2.2226659808034794,21.0,110,18,2.232279758880252,20.0,100,291,2.2341340026557166,19.0,100,281,2.2508930719280626,19.0,101,299,2.2687566363260268,21.0,94,113,2.2802916304043603,21.0,101,15,2.3402608753416025,20.0
UDS205390_P1M3Q1_P1M4Q1_012_1,97,105,1.8259690291280917,3.0,161,220,1.835501363055885,5.0,160,242,1.8425241223300803,7.0,158,55,1.8425589202625896,5.0,99,55,1.8570409695343228,6.0,162,37,1.8733145234447086,8.0,100,202,1.8927012866457393,7.0,158,242,1.8949303690204968,3.0,160,241,1.90167801927218,6.0,152,254,1.9026098672198057,3.0
CDFS107428_P1M2Q4_P1M3Q4_011_1,148,220,0.9344005954635297,3.0,148,157,0.9997902778652491,8.0,149,97,1.020660242103694,1.0,145,13,1.081326628451014,4.0,150,37,1.1694158698102224,10.0,164,98,1.1880180479346958,4.0,99,10,1.2161079506388919,0.0,148,200,1.216527069137002,1.0,149,199,1.2350514587986314,2.0,158,243,1.2594767677053673,4.0
CDFS122324_P2M1Q1_P2M2Q1_P2M3Q1_P2M4Q1_002_2,148,40,0.21484972507018654,0.0,120,246,0.2962349999007003,0.0,149,117,0.3040630671733355,-2.0,149,155,0.35097490211304383,-1.0,145,179,0.3592211738488802,-5.0,120,281,0.3684889773152824,-3.0,148,198,0.3712452016303349,0.0,148,200,0.3776562552939543,1.0,149,156,0.3826213549720346,0.0,148,60,0.387406255529642,-1.0
CDFS002312_P3M4Q4_017_1,100,185,1.0960266917336179,5.0,143,120,1.1474464277875345,-2.0,102,175,1.155401017175124,3.0,152,196,1.179560094605767,4.0,164,118,1.1884580789464034,0.0,100,220,1.2012711746885798,-2.0,99,197,1.2310941743095039,-3.0,100,98,1.2479558615175783,-4.0,99,10,1.2595878192568588,0.0,99,177,1.2715019801394507,-2.0
CDFS212043_P4M1Q3_P4M4Q3_P4M2Q3_P4M3Q3_013_2,148,60,0.3702258008407668,-6.0,149,203,0.3923390515902908,-17.0,101,55,0.4129485786335234,-10.0,148,157,0.43037394545571744,1.0,101,59,0.4334894563162577,-10.0,100,97,0.43958837876952817,-12.0,99,10,0.4517784346105466,-5.0,101,37,0.4591886906359252,-12.0,149,75,0.47327264229789695,-11.0,101,57,0.47334725518358195,-11.0
UDS200677_P3M2Q1_P3M4Q1_P3M1Q1_P1M4Q1_P1M1Q1_001_1,149,159,1.0003578909759205,2.0,149,140,1.006611143206773,-1.0,148,223,1.0540486371031184,-11.0,149,120,1.055731455776582,2.0,149,182,1.0648723765552213,-5.0,149,95,1.0665158486972646,-4.0,148,105,1.0884763781559854,-7.0,149,101,1.1017134910533868,5.0,149,162,1.1064034185106493,-7.0,149,168,1.1086820715000822,-6.0
CDFS023527_P4M4Q2_P4M1Q2_P4M2Q2_P4M3Q2_006_2,152,296,1.3697196599948163,13.0,149,268,1.4500672657066498,13.0,150,253,1.491124396630485,9.0,148,269,1.5583651293549325,12.0,99,54,1.5729642331239249,12.0,146,289,1.581581258793655,10.0,149,269,1.5902264508549304,13.0,151,71,1.6000729872531965,12.0,101,224,1.6027814270493832,8.0,152,281,1.603080491025506,10.0
UDS389704_P2M1Q1_P2M2Q1_P2M3Q1_P2M4Q1_005_1,148,180,1.7754326279886474,-23.0,151,118,1.8404595087164042,-31.0,164,56,1.8601835094324097,-29.0,153,139,1.8975825811578686,-28.0,164,116,1.9144497859255116,-27.0,149,177,1.9182926856208045,-29.0,149,137,1.9192758123468694,-29.0,149,158,1.9201373648610947,-26.0,109,193,1.9223946376701189,-26.0,109,172,1.9243886791793807,-27.0
CDFS103010_P4M3Q4_P4M2Q4_P4M4Q4_P4M1Q4_018_2,150,58,1.2511212372605929,18.0,148,57,1.356813544884642,20.0,151,78,1.3945917768521738,20.0,148,77,1.3975901688500987,18.0,148,58,1.4095285424085109,17.0,116,133,1.4180075926634426,26.0,150,38,1.4257852631502927,19.0,120,78,1.4913705653230789,22.0,148,205,1.4977337391867067,19.0,150,78,1.5002351841842474,21.0
CDFS140458_P2M1Q1_P2M2Q1_P2M3Q1_P2M4Q1_009_1,149,184,0.6217981214734224,-30.0,149,183,0.6679442680722887,-27.0,148,226,0.7146838217435987,-26.0,149,75,0.7226429760453156,-24.0,116,208,0.7602688609138001,-23.0,149,117,0.7676413882668045,-17.0,148,156,0.781575206088911,-23.0,148,198,0.7851161257623779,-15.0,116,189,0.8029844924158193,-23.0,149,149,0.8080009454795066,-18.0
CDFS005058_P2M4Q4_P3M2Q4_002_1,149,203,1.4070654863127547,-13.0,149,185,1.4779867276624568,-9.0,99,197,1.5459260706273754,-3.0,99,78,1.5876352787073906,-7.0,104,184,1.5894268278843542,5.0,143,120,1.593563047772074,-2.0,164,118,1.6013733041595084,2.0,100,98,1.6963427700706148,-4.0,162,183,1.702013336407961,0.0,163,77,1.7041544146941223,-1.0
CDFS019593_P1M4Q1_P2M1Q1_004_3,90,176,5.321712711718528,25.0,90,196,5.488271496176722,25.0,149,276,5.562866806635079,34.0,148,85,5.590211657183653,25.0,99,51,5.598786869860991,10.0,102,132,5.617718377949263,14.0,150,277,5.626812820435691,30.0,102,172,5.629374858680545,13.0,150,288,5.666839359869717,31.0,90,156,5.673029146422103,23.0
CDFS013340_P4M4Q2_P4M1Q2_P4M2Q2_P4M3Q2_001_1,91,153,1.2153845565382635,-34.0,91,133,1.2227892320683373,-34.0,148,197,1.237446675072269,-31.0,90,113,1.2569195668830304,-36.0,91,113,1.2724040643911374,-34.0,90,92,1.2862377816629857,-37.0,90,93,1.2937829133974037,-37.0,90,73,1.314592502777859,-37.0,91,93,1.3372120183708593,-33.0,90,72,1.3433607998678532,-36.0
UDS003712_P2M1Q3_P2M2Q3_P2M3Q3_P2M4Q3_002_1,149,100,0.9040198438776655,-4.0,149,61,0.9129187498832412,-9.0,111,183,0.9238120837850361,0.0,151,100,0.9313633539508192,-8.0,149,139,0.9324238510997667,-2.0,150,100,0.9330536223564584,-9.0,116,229,0.9439022881362321,-9.0,150,80,0.9551298225414675,-9.0,150,120,0.9557975097250961,-7.0,151,160,0.9594679511453577,-8.0
CDFS005198_P4M3Q4_P4M2Q4_P4M4Q4_P4M1Q4_006_1,149,117,0.5564422981007333,-7.0,148,156,0.5587664273680355,-14.0,153,206,0.5605033785287342,-10.0,153,124,0.5678927247717407,-18.0,149,184,0.574477317291382,-22.0,149,164,0.5851907594079301,-16.0,148,61,0.603813566771703,-9.0,153,123,0.6041864451273771,-19.0,153,125,0.6046389972282296,-15.0,153,187,0.6089458070793867,-9.0
CDFS018372_P1M1Q2_P1M4Q2_P2M1Q2_P2M3Q2_001_1,99,130,1.060155547625386,22.0,102,11,1.1323439963180122,17.0,99,11,1.157563851633467,19.0,99,170,1.1654836431498963,19.0,102,23,1.1744700638502685,17.0,102,2,1.1909836216966916,18.0,148,119,1.2174403268215706,21.0,90,223,1.2183117379306072,18.0,93,285,1.2247214258039847,17.0,99,200,1.2437627354630538,16.0
UDS300605_P1M1Q3_P1M2Q3_P2M1Q4_P2M2Q4_001_1,152,234,1.3111518662392612,2.0,115,146,1.3287507242533134,3.0,112,44,1.3490218991902736,-2.0,160,188,1.3498918015562693,0.0,108,150,1.3502560452521866,3.0,160,208,1.3620509898255517,1.0,160,189,1.3664482050609401,0.0,152,211,1.367847379032446,2.0,153,189,1.3796056553184974,1.0,152,193,1.3895690009407902,-1.0
UDS402843_P4M4Q2_P4M1Q2_P4M2Q2_P4M3Q2_009_2,148,157,2.3855913456139497,13.0,102,10,2.5556512505698294,2.0,148,60,2.5948121770141777,5.0,102,56,2.709820923573507,5.0,149,203,2.7126846104987137,-5.0,163,55,2.719407572243754,5.0,100,97,2.762255422622999,0.0,164,118,2.7738183625617916,8.0,148,198,2.794637928779045,8.0,143,120,2.79834115335111,4.0
CDFS102433_P4M1Q3_P4M4Q3_P4M2Q3_P4M3Q3_007_2,149,75,1.6357298280074335,-48.0,148,40,1.7725996949261467,-38.0,101,57,1.7784278148768546,-48.0,148,177,1.7897553395494294,-39.0,148,220,1.8115840765228484,-33.0,99,117,1.839363028789697,-48.0,148,200,1.8440162626460184,-37.0,149,117,1.860619436673277,-40.0,148,198,1.8997823414954962,-39.0,148,60,1.908699033578474,-40.0
UDS192540_P1M1Q1_P1M2Q1_P1M3Q1_P1M4Q1_010_1,116,88,1.6819122224124017,-3.0,149,136,1.7648070394523547,4.0,99,77,1.7980604079907105,-2.0,102,78,1.8065247828376236,-5.0,148,157,1.8096462719444792,5.0,118,126,1.84745860174408,-3.0,148,220,1.9135439923701165,4.0,148,199,1.9189839700078035,3.0,161,203,1.9220959311084793,2.0,101,105,1.9375083960072972,10.0
CDFS006520_P2M1Q3_P2M2Q3_P2M3Q3_P2M4Q3_011_1,147,182,2.168559290439788,-14.0,155,81,2.188265718608073,-11.0,161,144,2.19130311429951,-13.0,147,223,2.1919755834237473,-14.0,131,158,2.1973205329626944,-18.0,155,182,2.2081214753861635,-14.0,144,174,2.210933065669842,-11.0,147,202,2.211498636871841,-15.0,99,90,2.224935302923636,-6.0,155,202,2.226060352400591,-14.0
UDS284955_P3M3Q3_P3M2Q3_P3M4Q3_P3M1Q3_013_1,149,60,0.6078063133386694,-9.0,151,80,0.6261292583216229,-8.0,150,149,0.6321806358698604,-12.0,152,134,0.6334677045670025,-8.0,149,80,0.6485938518526893,-7.0,151,99,0.6545591216197685,-8.0,152,135,0.6546515529569075,-8.0,149,139,0.6557000166687631,-3.0,153,187,0.6669616763479108,-12.0,145,207,0.6669912297633119,-16.0
CDFS133598_P3M1Q1_P2M4Q1_P3M2Q1_P1M1Q1_001_1,149,117,0.872088319407569,11.0,148,40,0.8765983289441862,14.0,148,60,0.8950366838803653,11.0,148,220,0.9973385545691373,14.0,152,196,1.0114191736124003,16.0,148,154,1.0115102297270937,9.0,164,75,1.028200038007532,13.0,120,165,1.0373703730110007,6.0,164,77,1.0483323181804725,10.0,148,157,1.0512198272640105,16.0
UDS293880_P2M1Q3_P2M2Q3_P2M3Q3_P2M4Q3_004_1,148,40,1.367955827460437,1.0,148,220,1.3818892504810865,3.0,148,198,1.4933561299548195,0.0,148,157,1.555479144553705,5.0,164,117,1.6768992833439407,-4.0,164,77,1.6805296725436867,-3.0,148,60,1.6859226692738096,-3.0,149,117,1.6934283995397517,-1.0,116,207,1.7658391289439,-4.0,158,243,1.7738995601570078,4.0
UDS193216_P4M4Q2_P4M1Q2_P4M2Q2_P4M3Q2_005_1,148,157,1.5778462624571692,-16.0,158,224,1.6014929487106504,-21.0,162,121,1.6035209429531836,-12.0,101,154,1.6411244417697546,-14.0,93,227,1.6457441183693033,-16.0,98,85,1.6508732660984482,-14.0,158,223,1.6589560907112433,-19.0,102,184,1.6596122018633128,-13.0,162,203,1.6653935899047023,-19.0,93,266,1.7014934058323383,-16.0
UDS018574_P2M4Q1_P3M1Q2_004_2,150,37,2.5218874857861735,-18.0,148,164,3.205645956145032,-16.0,99,135,3.242928411763873,-18.0,99,108,3.2500000904234567,-14.0,153,183,3.368915948597571,-20.0,150,230,3.3849698898792013,-12.0,153,274,3.3959020733779046,-11.0,103,256,3.411951709760528,-17.0,160,55,3.413894232175271,-14.0,161,184,3.435740332673031,-19.0
CDFS130840_P3M3Q1_P3M2Q1_004_2,102,214,0.6521665655115142,6.0,100,165,0.7272356053710223,5.0,164,98,0.7716518416780155,1.0,102,234,0.8084622032266151,7.0,106,185,0.8759788919844677,7.0,99,76,0.8851499783852639,4.0,104,202,0.887031723913319,4.0,102,97,0.8945096004026447,2.0,163,78,0.8977066883350512,2.0,105,243,0.9331937221893737,5.0
CDFS132586_P1M3Q1_P3M1Q1_P1M4Q1_P1M1Q1_001_1,158,243,1.6774970077252231,-3.0,148,220,1.7164126904090011,-3.0,152,196,1.8839569858986178,-2.0,148,40,2.0115219554866153,-5.0,148,200,2.042435422072061,-4.0,149,146,2.0774204903660047,-8.0,149,117,2.092539752636203,-7.0,99,10,2.10416990234393,-7.0,101,204,2.1160357911838568,2.0,148,60,2.1976213808059946,-8.0
CDFS105315_P4M3Q4_P4M2Q4_P4M4Q4_P4M1Q4_021_1,161,124,3.594037583431831,6.0,94,167,3.649942330632068,6.0,100,221,3.734450833965306,7.0,99,78,3.822221166184687,-11.0,100,138,3.8851261661641123,-6.0,99,116,3.9099335180926498,-1.0,100,98,3.9283685283951786,-8.0,99,160,3.953998400910807,2.0,99,129,3.9540052870339535,4.0,99,177,3.9602617067980104,-6.0
CDFS024133_P3M3Q2_P3M2Q2_P3M1Q2_P3M4Q2_007_1,148,155,4.182402257990629,-8.0,116,208,4.236700018463181,-15.0,148,40,4.290162522229866,-2.0,120,165,4.302726954160195,-10.0,149,167,4.405736584675352,-14.0,120,186,4.410705694002028,-13.0,149,139,4.427513297384469,4.0,148,138,4.432594378556494,2.0,149,187,4.447698725312753,-12.0,149,75,4.455275278689584,-10.0
CDFS228618_P4M1Q1_P2M4Q1_006_1,141,128,2.220452428602131,16.0,147,209,2.281205646571468,14.0,164,178,2.29628472145238,22.0,100,243,2.305670487248929,19.0,147,150,2.3083071970627262,14.0,100,244,2.3183707966164544,22.0,140,128,2.3349053137202955,16.0,141,148,2.3371944799091566,14.0,147,190,2.344669346885389,14.0,151,177,2.3548010170735294,19.0
CDFS007541_P3M1Q4_P1M1Q4_P3M2Q4_P3M3Q4_001_1,99,160,3.4637672463352622,-5.0,148,157,3.559877348667744,-1.0,99,78,3.6196336202662724,-20.0,100,138,3.6683566462622075,-17.0,143,120,3.6943365825874026,-16.0,100,118,3.7145388995569757,-17.0,101,79,3.721740018958247,-14.0,101,21,3.742261104009788,-12.0,100,98,3.751401836915603,-16.0,99,197,3.758286141409707,-13.0
CDFS025472_P4M2Q1_P4M4Q1_P4M3Q1_P1M1Q1_001_1,162,183,1.7764879980009156,2.0,99,197,1.7908068318560195,-1.0,100,198,1.820326729646471,1.0,100,138,1.8661369900449583,0.0,99,137,1.8886166449507868,-4.0,99,158,1.9690293068921274,-4.0,101,58,1.9779649865690476,-9.0,99,136,1.9979613992010299,2.0,99,97,2.006219696200813,-4.0,162,202,2.017376709188707,2.0
CDFS000321_P4M1Q3_P4M4Q3_P4M2Q3_P4M3Q3_001_1,152,196,0.8684313701980789,-12.0,158,243,0.9460309918839546,-13.0,148,220,0.9877444091085279,-11.0,99,10,1.0476322437908752,-17.0,103,13,1.064118733565699,-16.0,148,200,1.073442160876055,-15.0,149,97,1.0758514711799951,-15.0,99,37,1.0903040007845248,-12.0,145,0,1.0933419805958882,-15.0,145,11,1.0979449611587206,-18.0
UDS141491_P2M2Q4_P2M3Q4_003_1,99,10,0.5188989363622948,8.0,149,136,0.528407427864871,12.0,148,157,0.5818128163141952,15.0,152,196,0.588700716203845,10.0,148,220,0.5945438438075491,10.0,103,13,0.6158570546255738,7.0,101,21,0.632251101349192,7.0,102,10,0.6384765910123599,7.0,107,150,0.641046044015076,11.0,158,243,0.6671879397717214,10.0
CDFS017345_P1M1Q1_P1M2Q1_P1M3Q1_P1M4Q1_010_1,148,225,1.4061541242778541,-23.0,148,131,1.4190334868446994,-18.0,148,155,1.4227101479518762,-16.0,148,153,1.4468653644129774,-16.0,149,60,1.4496913895395442,-11.0,148,138,1.454277018708706,-7.0,149,205,1.4939161385909043,-24.0,164,98,1.5007047940328617,-4.0,149,166,1.522494922066695,-22.0,148,101,1.5357467070928252,-12.0
CDFS221651_P1M1Q3_P1M3Q3_P1M4Q3_007_1,148,157,1.6963717311117665,-3.0,152,196,2.2567772474459673,-5.0,164,118,2.3335402308165865,-9.0,162,183,2.4319793152274176,-11.0,158,224,2.433125187915913,-10.0,102,56,2.537533269577204,-10.0,158,223,2.602068996592039,-9.0,148,220,2.622069094176305,-8.0,158,243,2.625721516432387,-6.0,164,137,2.650590451985142,-10.0
CDFS138745_P1M4Q2_P3M4Q2_001_1,100,224,5.919009586525853,6.0,102,50,5.966186701994476,3.0,100,203,5.980379704283916,7.0,101,84,6.040686025889618,6.0,102,279,6.0438949572946825,4.0,102,51,6.069657299448276,1.0,102,173,6.105846875164339,5.0,142,148,6.147591315243202,-10.0,162,99,6.166735216573683,7.0,102,278,6.19193105959127,2.0
CDFS020014_P1M1Q2_P3M1Q2_P2M4Q2_P2M1Q2_001_1,158,53,3.0873592899064914,25.0,153,171,3.0926486127271486,-6.0,155,263,3.1208797900019385,27.0,153,169,3.1222716699373727,-6.0,148,246,3.1276967325730687,-18.0,152,43,3.132111283648661,24.0,114,60,3.1609758661617966,-11.0,156,264,3.188714059505353,24.0,115,195,3.192336513289657,-12.0,156,283,3.1931328765675,26.0
CDFS119091_P3M1Q4_P3M4Q4_P3M2Q4_P3M3Q4_008_1,149,148,1.1792665199695902,-3.0,109,191,1.249450873844506,1.0,149,185,1.2550430690005605,-11.0,148,157,1.268509586982385,4.0,103,285,1.2760046014324273,1.0,148,40,1.2945038512398663,1.0,148,177,1.315717749642181,-1.0,148,220,1.3304550410534102,2.0,99,157,1.3447973224993552,-5.0,149,167,1.354627649244993,-9.0
UDS150237_P4M2Q3_P4M3Q3_018_1,158,53,1.7730387023186112,27.0,152,296,1.7897734607485227,30.0,159,35,1.8755783869540632,25.0,160,289,1.878425267867236,28.0,160,293,1.8925022352150838,28.0,164,258,1.8936864926767516,29.0,160,285,1.8990988362908863,25.0,158,293,1.8991448703576375,27.0,102,193,1.902109829506346,26.0,160,262,1.906098757214015,27.0
CDFS102002_P4M3Q4_P4M2Q4_P4M4Q4_P4M1Q4_016_2,149,95,0.9387531672704651,-14.0,149,204,0.9794974360432052,-20.0,149,160,0.9826321254811791,-18.0,148,179,1.0123286576239223,-11.0,148,223,1.0210011237346568,-19.0,103,197,1.0224395773754595,-21.0,148,261,1.025855759309209,-21.0,153,80,1.0669896454562258,-17.0,149,161,1.0739304425767726,-17.0,149,168,1.0759102874612754,-17.0
CDFS231194_P3M4Q1_026_1,99,118,1.7514543935159708,-38.0,149,203,1.7772022030059171,-41.0,99,78,1.7797214543065076,-37.0,99,137,1.7957096382045437,-36.0,101,58,1.7960401229032645,-41.0,101,37,1.8413131044111772,-39.0,99,158,1.8430444756317705,-36.0,99,97,1.8448352337747627,-36.0,100,97,1.8624628216522066,-39.0,133,78,1.933879389875382,-41.0
CDFS019276_P3M3Q2_P3M2Q2_001_1,149,178,0.5154518879563394,0.0,148,180,0.5189767354182309,0.0,149,158,0.5603214033752787,0.0,149,97,0.5603955114684792,0.0,149,80,0.5604623648908778,0.0,149,156,0.5776004669393586,0.0,150,119,0.5827442761381818,0.0,149,117,0.5828552820488802,0.0,148,40,0.5829035514234786,0.0,100,180,0.589408481976592,0.0
UDS002072_P3M3Q3_P3M2Q3_P3M4Q3_P3M1Q3_002_3,148,157,1.6743928475675578,1.0,148,198,2.185959833761154,-5.0,158,243,2.2473150913519238,0.0,148,60,2.3236201073391474,-9.0,164,117,2.4371658208379188,-9.0,163,97,2.4382106838519046,-6.0,148,176,2.47965052201151,-7.0,148,220,2.4861714862240882,-3.0,101,204,2.5135464565528465,7.0,164,78,2.540140777171283,-7.0
CDFS208053_P4M3Q4_P4M2Q4_P4M4Q4_P4M1Q4_025_1,148,157,0.9990718759761089,0.0,148,60,1.1900215953603992,-7.0,102,10,1.1975298597948831,-8.0,143,120,1.2233591163695097,-7.0,149,203,1.2327587028543143,-17.0,99,197,1.2918394731079657,-8.0,164,118,1.3091456476082746,-4.0,99,10,1.3163985257457058,-5.0,99,78,1.317684303362481,-11.0,99,137,1.329298556083953,-12.0
UDS146648_P1M2Q4_P1M3Q4_007_1,148,179,2.9105676571354127,-18.0,164,56,2.9160869853143323,-22.0,148,135,2.9988956764650028,-28.0,151,23,3.0502166254100627,-30.0,151,39,3.0692974868284524,-30.0,161,222,3.079303744230509,-21.0,151,78,3.102064803315088,-27.0,164,37,3.109632341466481,-22.0,149,95,3.111169542839006,-22.0,153,174,3.1152920767246655,-21.0
CDFS002296_P1M2Q4_P4M1Q4_001_1,149,75,1.3520848475810094,-20.0,148,180,1.440066777974071,-8.0,148,200,1.4587913338829295,-11.0,149,117,1.4615895029756771,-14.0,148,69,1.4692466871801986,-17.0,148,131,1.475422260122179,-14.0,148,156,1.4919159855591475,-19.0,149,199,1.5036399610327096,-10.0,149,137,1.527330956642641,-15.0,148,89,1.5273413750772549,-20.0
UDS019181_P4M4Q2_P2M2Q2_P2M1Q2_001_1,100,98,1.3237031355708213,2.0,99,78,1.3329000306573975,0.0,99,197,1.4526129758347825,3.0,100,185,1.4818590299015462,12.0,164,118,1.5242186450954534,7.0,163,97,1.565331492165779,7.0,100,138,1.5816621416367518,4.0,163,77,1.647679886164751,5.0,143,120,1.6611330168774574,5.0,102,10,1.672250298619041,4.0
CDFS020583_P4M4Q2_P4M3Q2_P1M4Q2_P2M1Q2_001_1,100,138,0.9194725167971949,0.0,148,60,1.062431620529011,0.0,100,98,1.0771426249520517,0.0,99,197,1.158247888629273,0.0,148,177,1.1759363791758959,0.0,148,198,1.185097535430694,0.0,162,183,1.2072739471465377,0.0,163,77,1.2125978562868052,0.0,164,97,1.2639256827498826,0.0,100,290,1.275547509773531,0.0
UDS013664_P2M1Q1_P2M2Q1_P2M4Q1_007_1,99,76,0.838323233614217,-2.0,152,253,0.8507538630727545,-6.0,152,252,0.8956868212333892,-4.0,112,15,0.9017944868048198,-13.0,164,158,0.9071138498003373,-6.0,99,56,0.9116649113107038,-1.0,164,98,0.9138148398401527,-6.0,103,63,0.9205846808228364,-9.0,112,47,0.9222142165446037,-13.0,101,204,0.9235100065735631,4.0
UDS197598_P2M1Q2_P2M4Q2_012_1,148,76,0.4952453268485726,17.0,149,56,0.5082627335291325,17.0,148,182,0.5095645485913144,16.0,148,142,0.5149953443802557,10.0,149,55,0.5151741843744656,15.0,148,117,0.5178366541811932,19.0,148,276,0.5292211162943724,12.0,148,160,0.5382055686268553,15.0,148,288,0.5443026259787502,11.0,148,140,0.5463245942917541,14.0
UDS000330_P4M4Q3_P4M3Q3_001_1,149,13,1.9277568765534638,1.0,149,9,1.9391255819401731,-2.0,150,245,1.9434908315282728,-3.0,153,262,1.9597864721849028,1.0,150,246,1.9637127989945256,-2.0,150,27,1.9682149473832415,-1.0,164,16,1.9719220760591676,0.0,149,221,1.9722109970989803,1.0,153,25,1.9730526714889003,-3.0,164,6,1.9754589195891372,0.0
CDFS106745_P4M3Q4_P4M2Q4_P4M4Q4_P4M1Q4_023_1,148,243,1.7435851146977543,6.0,148,242,1.7748391552790244,7.0,148,115,1.811635413199428,3.0,148,222,1.8238013839746432,11.0,148,221,1.8280958867852475,8.0,148,261,1.8391669827637545,9.0,148,95,1.8441543335526984,0.0,116,143,1.8763776924640663,7.0,148,184,1.9036792079299403,4.0,149,73,1.9179908970246529,51.0
UDS000800_P4M1Q3_P4M4Q3_P4M2Q3_P4M3Q3_002_2,99,10,1.8212417521150706,7.0,149,113,1.866852011184416,12.0,164,98,1.988539705880024,12.0,109,149,2.0177311217602276,13.0,152,196,2.0185220355319227,13.0,148,60,2.032352622940716,5.0,148,157,2.063206434905727,15.0,153,187,2.1211792043110553,5.0,100,289,2.172769420693722,7.0,148,40,2.190123481628687,8.0
CDFS000814_P4M3Q4_P4M2Q4_P4M4Q4_P4M1Q4_001_1,152,196,1.043658807507499,-11.0,99,10,1.043817445096763,-15.0,104,164,1.1110064548454028,-8.0,158,243,1.1424879782783226,-12.0,101,154,1.1568739346826737,-11.0,99,160,1.1644950736478994,-12.0,103,285,1.1744414700452515,-14.0,101,297,1.1891254071834543,-15.0,104,223,1.1932536235363143,-8.0,158,223,1.1950268419101213,-17.0
UDS378854_P1M1Q2_P1M2Q2_P1M3Q2_P1M4Q2_002_1,99,197,2.4644121609337026,-8.0,99,78,2.6099367320523283,-12.0,100,98,2.6736718347561244,-9.0,100,138,2.8033662869173837,-7.0,99,177,2.908437608546642,-7.0,164,118,2.957576029819865,-4.0,163,97,2.9637940700726277,-5.0,102,37,3.0561192704327453,-9.0,162,183,3.0712086009294937,-6.0,164,97,3.083120124990674,-6.0
CDFS128455_P1M3Q2_P1M4Q2_014_1,100,98,0.5890498252161376,-2.0,99,78,0.6523086304359689,-4.0,100,138,0.6990226513431317,0.0,100,118,0.7515456680021674,-1.0,99,197,0.7611529027643493,0.0,98,195,0.7673275406853903,1.0,99,177,0.7738799559836737,0.0,95,118,0.7963701336151827,0.0,98,175,0.8010072162377562,0.0,100,185,0.805574391041255,6.0
CDFS105360_P3M2Q4_031_2,99,56,1.7645951107966207,2.0,99,75,2.220685619670143,8.0,152,253,2.265163798370921,-1.0,152,208,2.26886777390049,1.0,149,23,2.2707679537838916,2.0,161,220,2.2742328142370245,4.0,161,184,2.278343473693426,0.0,101,204,2.284382877708495,3.0,152,209,2.2931479288743644,2.0,153,74,2.3327269830777273,3.0
CDFS129134_P4M1Q2_P4M2Q2_P1M1Q2_P1M4Q2_001_1,152,283,0.8906208520398672,-14.0,152,282,0.9443458759147755,-14.0,152,284,0.9661019788654555,-14.0,160,4,0.9680346439727536,-12.0,99,243,0.9707734269772943,-14.0,145,298,0.9829795172242004,-12.0,160,26,0.9993634015940254,-10.0,158,14,1.0034522690734178,-13.0,99,36,1.0094292907221474,-13.0,160,25,1.0148458900995672,-12.0
UDS295074_P3M3Q3_P3M2Q3_P3M4Q3_P3M1Q3_014_1,99,54,1.013082723009894,1.0,102,244,1.0134031866875755,2.0,100,35,1.0625198951870365,1.0,102,225,1.066436644163276,-1.0,100,34,1.1279625387939685,0.0,93,94,1.1468403642973803,1.0,100,36,1.1521953203157873,-1.0,99,204,1.1695527202024112,0.0,100,200,1.1865951371624004,-2.0,100,224,1.194190125802411,0.0
CDFS101861_P4M3Q4_P4M2Q4_P4M4Q4_P4M1Q4_014_1,103,285,1.135093042967946,10.0,148,60,1.1515699787056757,7.0,152,196,1.2451421137666765,12.0,109,191,1.2671875559009682,10.0,149,148,1.2888082264306233,6.0,148,157,1.293615711450216,14.0,143,120,1.325568865439279,6.0,99,10,1.3290742016080224,8.0,99,157,1.359683719489678,4.0,158,224,1.361562293911395,7.0
UDS027014_P3M1Q1_P3M2Q1_009_1,152,253,1.201918968176267,-6.0,161,124,1.2238028615455208,-3.0,99,129,1.3065909044034714,-3.0,158,243,1.5147185403709205,-12.0,148,157,1.5378941636575056,-8.0,104,145,1.597441051238767,-1.0,100,221,1.5991323523494156,-4.0,100,202,1.6216900045531668,-2.0,152,252,1.673110429998889,-7.0,99,56,1.674221375059675,-8.0
UDS143762_P4M1Q4_033_1,148,200,0.2761480782728385,5.0,149,97,0.2907709068743067,3.0,148,220,0.2950056537692558,7.0,101,164,0.30938184383640704,1.0,99,10,0.3122478903487605,1.0,145,0,0.31508089304074754,-1.0,149,199,0.31606714660435986,6.0,103,247,0.3181572360933971,5.0,149,117,0.322362079329952,4.0,148,61,0.3297399004079829,1.0
UDS021975_P2M1Q2_P2M2Q2_P2M3Q2_P2M4Q2_014_1,148,220,1.6545091156111214,-18.0,145,16,1.756650904634185,-22.0,149,97,1.7982248611858638,-22.0,145,0,1.8006689986710507,-23.0,145,13,1.812380219935572,-25.0,99,10,1.831610573361665,-24.0,145,5,1.880904697738777,-25.0,148,200,1.8839723484130653,-20.0,158,243,1.8982114183118435,-22.0,151,23,1.9001974114201872,-29.0
UDS157594_P3M1Q4_P3M4Q4_P3M2Q4_P3M3Q4_007_2,148,40,4.838972027688311,-30.0,148,177,4.9603347099026545,-32.0,148,154,5.29342284423281,-35.0,149,185,5.381617948913361,-41.0,149,167,5.395677082135017,-40.0,148,226,5.51295515047134,-43.0,148,200,5.704061484177654,-29.0,149,183,5.709957687714298,-43.0,116,208,5.7186462218082115,-41.0,148,220,5.764161440150003,-27.0
UDS021526_P4M2Q1_P4M1Q1_P4M4Q1_P4M3Q1_002_2,148,157,1.0748830598745482,3.0,148,220,1.1874317442860138,-1.0,152,253,1.2553374126094266,2.0,158,243,1.270165654823216,0.0,101,204,1.3313688734641673,5.0,161,203,1.373833883361527,0.0,150,37,1.415152466503345,1.0,152,188,1.422055255347873,1.0,161,184,1.4245800573703598,1.0,149,136,1.4537313752941534,2.0
UDS014660_P2M1Q1_P2M2Q1_P2M3Q1_P2M4Q1_003_1,164,97,1.0715298576743515,10.0,164,118,1.0819604654454742,13.0,163,77,1.1236856731157774,10.0,163,97,1.1807635627042623,12.0,149,185,1.2056301238050444,2.0,162,183,1.2067588586221283,10.0,148,154,1.2392889901957584,7.0,163,96,1.2398203954524312,10.0,148,177,1.2642295320530648,11.0,99,197,1.2677594246460058,8.0
CDFS107694_P3M3Q3_P3M2Q3_P3M4Q3_P3M1Q3_006_1,102,213,1.9816320168492751,10.0,102,214,2.1576704182264423,10.0,106,145,2.171921965884869,11.0,102,194,2.178657028997895,10.0,106,164,2.260466036844702,8.0,106,224,2.272736039941963,8.0,104,124,2.2762198595035525,12.0,104,223,2.3310352531387846,8.0,152,196,2.3602754315573478,2.0,148,40,2.3704571169860875,-1.0
CDFS016098_P4M4Q1_P2M1Q1_001_1,149,203,2.38789193620804,-40.0,149,185,2.4415643611416518,-35.0,99,197,2.711612317235037,-29.0,162,183,2.8020802539676612,-27.0,143,120,2.8199796513672615,-30.0,164,97,2.8312970218246685,-27.0,148,154,2.90261907996312,-29.0,99,78,2.95853808876225,-34.0,99,137,2.963268370206629,-33.0,164,118,2.9670488341524126,-25.0
CDFS101596_P4M3Q3_019_1,158,243,1.5855660700443959,4.0,145,13,1.5926056856124509,5.0,152,196,1.7585627993794704,4.0,150,37,1.7818537505464174,8.0,152,253,1.8035517320678915,9.0,101,204,1.8041248386248587,8.0,145,16,1.8090442805218803,5.0,122,261,1.8818943772669474,10.0,160,39,1.8879705250543468,9.0,101,105,1.929515183931234,9.0
UDS150302_P1M4Q4_P3M1Q4_001_1,148,95,0.9418328150838228,-12.0,148,78,1.0178379110115934,-10.0,151,56,1.0245807681998151,-11.0,149,74,1.0382613419676594,-6.0,148,224,1.0464234759526476,-2.0,151,38,1.0526585180787271,-14.0,148,115,1.0643926720944894,-9.0,151,23,1.0993296530876426,-12.0,140,59,1.1022266142398347,-12.0,152,22,1.1059226810225722,-13.0
UDS383959_P4M2Q1_P4M1Q1_P4M4Q1_P4M3Q1_009_2,148,131,1.8706591398845245,16.0,148,101,1.8855451960689267,25.0,148,241,1.9032764803155229,11.0,148,224,1.9101876106447742,15.0,115,185,1.9114802970403442,21.0,148,181,2.054616314183535,21.0,116,204,2.0760400128240937,25.0,148,102,2.0766000102855564,25.0,148,139,2.0997547289324987,28.0,149,168,2.13653681298999,20.0
CDFS009134_P3M3Q3_P3M4Q3_001_2,149,203,0.8083899511087296,-49.0,143,120,0.8209108798885907,-41.0,99,10,0.884784907392155,-39.0,99,197,0.9264959799730292,-41.0,152,196,0.9365841876615846,-34.0,102,10,0.9619012269713065,-41.0,100,220,0.962686361892418,-39.0,148,60,0.9930132888176033,-38.0,149,185,1.01778237511699,-47.0,99,137,1.026234446245028,-45.0
CDFS023836_P4M4Q2_020_1,149,203,1.0688346921523217,-37.0,148,60,1.2441812155740197,-26.0,143,120,1.294768805325455,-25.0,148,154,1.3365255169493884,-30.0,148,177,1.3497401828923263,-26.0,149,185,1.3539076292501928,-35.0,164,97,1.4343463250652826,-27.0,164,118,1.4885129746281056,-23.0,99,78,1.5002180585764142,-31.0,148,198,1.5201558414855643,-25.0
CDFS203169_P4M2Q4_P4M1Q4_002_2,152,196,1.1906028416568095,9.0,152,214,1.1916833561420523,12.0,152,215,1.1961940492550374,12.0,158,243,1.2065862191721024,7.0,151,92,1.2138477183165692,13.0,120,246,1.2237729037013558,5.0,151,131,1.2411066131589081,12.0,115,104,1.2500475046047668,11.0,152,216,1.254585668540335,11.0,152,173,1.255690138127081,11.0
CDFS018915_P4M4Q1_P3M2Q1_001_1,153,10,0.5294124567875018,-25.0,153,174,0.5332322515176255,-22.0,150,189,0.5397624939029608,-23.0,148,183,0.5481572962128048,-21.0,149,96,0.5654789687690891,-25.0,99,108,0.5680018095087214,-22.0,149,222,0.5731241750534629,-29.0,150,59,0.5820024889002904,-25.0,153,134,0.583180532878086,-21.0,101,3,0.5863521564671288,-26.0
CDFS018882_P4M4Q2_P4M1Q2_P4M2Q2_P4M3Q2_004_1,149,203,3.5204676481835606,-22.0,148,220,3.5499470635467953,-3.0,99,10,3.6258908001017183,-11.0,152,196,3.95467021259395,-5.0,145,13,3.959049405760009,-9.0,143,120,4.0349222147748165,-14.0,145,16,4.104696510545987,-8.0,148,60,4.129565898962656,-13.0,158,243,4.130831702132142,-7.0,101,58,4.142204078627697,-25.0
UDS019380_P1M1Q1_P1M2Q1_P1M3Q1_P1M4Q1_002_1,146,155,1.4878366721196994,0.0,152,237,1.5114139341020847,3.0,144,40,1.5177677013430797,-3.0,160,235,1.518576101440206,2.0,160,236,1.519697763340967,1.0,146,156,1.5252185168165593,-1.0,152,253,1.5440158182539194,4.0,107,281,1.5454427548215974,2.0,147,189,1.5460352285332004,0.0,160,270,1.5533335358783062,5.0
CDFS113741_P4M1Q3_P4M4Q3_P4M2Q3_P4M3Q3_010_1,99,58,4.048980662552932,3.0,99,97,4.173120917290278,2.0,99,118,4.22452758798528,2.0,101,58,4.2701360483413335,-4.0,99,79,4.3360088981259075,5.0,128,125,4.365080927290143,2.0,99,158,4.3791792311909115,2.0,127,166,4.407684210786849,2.0,101,37,4.43883619737829,2.0,101,79,4.4488548312515155,6.0
UDS023283_P3M3Q2_P3M2Q2_P3M1Q2_P3M4Q2_001_2,99,77,0.7860737282237356,-17.0,162,121,0.8740378146810525,-6.0,161,118,0.8803007475111708,-14.0,162,203,0.895185506945777,-13.0,148,157,0.9022707278875614,-9.0,146,77,0.9129050112781549,-17.0,101,78,0.918888697472595,-16.0,161,137,0.9192341303515558,-15.0,161,203,0.9211406650667381,-12.0,161,163,0.9241727125473506,-13.0
UDS002893_P3M1Q4_P3M4Q4_P3M2Q4_P3M3Q4_002_2,151,53,1.7902926044354075,-1.0,153,274,1.7950487877303318,-1.0,102,225,1.8206033516449787,0.0,150,253,1.8316447158679683,2.0,160,39,1.8413218072209285,-3.0,101,185,1.8448748460195936,-2.0,150,37,1.8607557515565405,-2.0,97,105,1.8703827403728102,-3.0,163,224,1.8870066916696324,-5.0,151,52,1.8959470291617764,1.0
UDS019988_P1M1Q2_P1M2Q2_P2M1Q1_P3M2Q2_001_1,148,60,0.7643715366461848,5.0,149,203,0.7797985272755683,-6.0,164,97,0.7889425003807743,5.0,164,118,0.8001289653965746,7.0,162,183,0.8177870547190945,6.0,152,196,0.8502762205364874,11.0,163,77,0.8878226397279223,5.0,148,198,0.8927521614913078,8.0,163,97,0.9065260684370539,7.0,143,120,0.9161236388708378,4.0
UDS002133_P4M3Q4_P4M2Q4_P4M4Q4_P4M1Q4_002_1,100,185,0.8946465796908851,-29.0,94,93,0.9583470699927522,-27.0,148,157,1.0021510468489692,-27.0,152,196,1.041297819486052,-32.0,99,160,1.0656296758705082,-30.0,102,175,1.0902336960186056,-31.0,102,97,1.126021847586279,-31.0,148,60,1.12753656206292,-37.0,104,164,1.1359090078701983,-28.0,164,118,1.136016111239332,-34.0
CDFS108676_P1M1Q4_P1M4Q4_P2M1Q4_P2M4Q4_001_1,148,60,2.453036523087307,-5.0,148,157,2.593549596634559,1.0,143,120,2.7058646938428947,-6.0,148,220,2.740616447377939,0.0,148,176,2.8340247103437517,-5.0,164,96,2.8643590892522433,-6.0,148,198,2.870531603720986,-4.0,164,77,2.8890212639673734,-6.0,163,55,2.902693444797455,-4.0,153,187,2.9380755958319447,-3.0
CDFS229589_P1M3Q1_P1M4Q1_015_2,146,77,1.9857211108677442,10.0,101,21,2.022937009515143,13.0,99,136,2.029097795064749,14.0,146,96,2.043421052922209,10.0,99,118,2.05398629357478,7.0,146,76,2.068305079999338,12.0,99,77,2.0732362665413415,11.0,146,97,2.084060874253757,11.0,102,58,2.089138975288579,8.0,146,56,2.094756986213668,12.0
UDS148005_P4M2Q3_P4M3Q3_017_1,99,197,1.1372986315815476,0.0,104,184,1.203500390409491,8.0,99,78,1.2241792531819728,-4.0,100,98,1.2410408993073194,-2.0,164,118,1.2416643908708673,4.0,163,117,1.2773950574967137,3.0,100,138,1.2787633579985804,0.0,128,187,1.279833309612452,-2.0,128,126,1.3093568149938488,-1.0,163,97,1.3179095357237767,3.0
CDFS004717_P1M1Q3_P1M2Q3_P2M1Q3_P2M4Q3_001_1,148,60,0.18959066093042654,-13.0,152,196,0.31050557696142356,-8.0,149,203,0.3119610825387689,-23.0,148,40,0.32430140444591726,-11.0,148,198,0.3264203554630005,-11.0,164,118,0.3413184296183386,-12.0,164,97,0.3544735443747825,-14.0,143,120,0.3625541202245741,-15.0,162,183,0.3666148284683802,-13.0,148,154,0.37135168465628,-15.0
CDFS131717_P1M4Q1_024_1,148,142,1.054647516961898,39.0,148,295,1.0926574738450288,47.0,148,288,1.104462339259996,46.0,148,276,1.1206092440184208,46.0,148,293,1.1241037795700934,46.0,148,298,1.1389532331233687,46.0,148,287,1.1458696144359288,48.0,148,299,1.1477603912349195,47.0,148,162,1.1551212350302285,39.0,148,121,1.1631017170606892,-38.0
CDFS137347_P1M1Q1_P1M2Q1_P1M3Q1_P1M4Q1_015_2,99,197,1.9192442443892395,-1.0,100,98,2.052240732842547,-2.0,99,78,2.088025868986115,-5.0,104,184,2.1714395195461433,6.0,100,138,2.1738289031364078,-1.0,100,185,2.213733741157399,7.0,152,196,2.2518864524629816,6.0,162,183,2.315030711629429,0.0,100,220,2.3171488485008536,0.0,100,198,2.3568920818003902,0.0
CDFS224952_P2M1Q1_P2M2Q1_P2M3Q1_P2M4Q1_003_1,90,92,0.9008791611440231,-3.0,90,72,0.9208466882834689,-2.0,118,126,1.0095798798204332,3.0,90,33,1.0671716701798672,-2.0,90,51,1.0713418375447417,-1.0,102,78,1.0919831647734246,3.0,91,153,1.1279452468000553,0.0,117,254,1.1744671570122294,2.0,100,117,1.226205352523731,2.0,91,133,1.247673845302619,0.0
CDFS122764_P2M3Q1_P2M4Q1_015_2,102,10,1.2664067665978511,-10.0,99,78,1.3003966580439728,-13.0,143,120,1.3469732472882774,-9.0,100,97,1.370850316575296,-13.0,100,98,1.3748154987088652,-11.0,99,177,1.412035340061167,-10.0,93,113,1.4144731487911737,-6.0,101,59,1.4223194754982507,-11.0,149,203,1.425396140994927,-20.0,102,37,1.457183732782436,-11.0
CDFS132115_P3M3Q1_P3M4Q1_P3M1Q1_P3M2Q1_003_1,148,200,0.7278712396381171,-20.0,158,243,0.7347534017571846,-20.0,101,105,0.7361320673428214,-14.0,152,119,0.7698329222415972,-19.0,152,137,0.7844481384520501,-22.0,150,178,0.7878517986714595,-20.0,162,121,0.7884608866114915,-18.0,152,196,0.79459134746626,-18.0,148,40,0.7961767903676925,-21.0,164,238,0.7990979653567937,-14.0
UDS148558_P2M1Q3_P2M2Q3_P2M3Q3_P2M4Q3_017_1,143,120,1.172977368913923,-29.0,149,203,1.274325830227209,-38.0,148,60,1.3882086717033983,-27.0,152,196,1.4804284433513777,-23.0,99,197,1.5291680006392174,-29.0,148,157,1.529682095622669,-20.0,99,78,1.5424010614479928,-32.0,102,10,1.5922978929929164,-29.0,99,10,1.5973785116894204,-27.0,99,177,1.6424316736079017,-29.0
CDFS115673_P2M3Q3_P2M1Q3_P4M4Q3_P2M2Q3_P4M3Q3_P2M4Q3_001_1,149,203,4.218570378764633,-22.0,149,185,4.656932561367201,-18.0,143,120,4.794622037693153,-12.0,152,196,5.068330181411755,-3.0,164,118,5.076431554558768,-7.0,148,177,5.117182857584358,-9.0,104,184,5.286396431424276,-3.0,99,197,5.319160326464023,-12.0,148,154,5.443967646528849,-13.0,164,97,5.456098948310246,-10.0
UDS020437_P1M1Q1_P1M2Q1_P1M3Q1_P1M4Q1_007_1,148,220,0.7254231848726004,4.0,148,157,0.9025550434292824,7.0,164,98,1.0221466014472635,3.0,150,37,1.0435968342124862,4.0,149,97,1.0592616831206023,1.0,149,136,1.0789335676739873,5.0,158,243,1.0837981322237669,3.0,101,204,1.1236440044487674,8.0,164,78,1.1428583712900935,-1.0,163,78,1.1434999708286413,3.0
CDFS023170_P1M3Q1_P1M4Q1_013_2,100,221,3.3473696157109076,4.0,100,185,3.4390271556389806,-4.0,146,76,3.454623530592052,-11.0,101,154,3.457356394541351,-5.0,164,137,3.4577243614584434,-12.0,99,116,3.4634385180500535,-7.0,146,77,3.468024020759148,-15.0,100,204,3.468446393525766,3.0,145,78,3.4946688441955898,-18.0,163,118,3.496248070540741,-8.0
UDS022130_P2M3Q1_P4M4Q1_P2M2Q1_P4M2Q1_P2M1Q1_P4M3Q1_P2M4Q1_001_2,145,5,0.22550527170876103,8.0,145,27,0.24674195200496832,6.0,145,15,0.250379499430187,8.0,151,23,0.2526470865509506,3.0,145,14,0.2529845859269114,8.0,145,28,0.26117697541460905,7.0,144,125,0.2728876544201317,8.0,148,136,0.27988811789216594,12.0,145,6,0.28794854435045847,9.0,120,70,0.3041230057808155,11.0
