Galaxy,EWCII,ErrEWCII,EWSiIIabs,ErrEWSiIIabs,EWSiIIemi,ErrEWSiIIemi,VminCII,ErrVminCII,VminSiII,ErrVminSiII
CDFS021637_P2M3Q1_P2M4Q1_019_1,1.3474065111708344,0.5456938676988763,1.164133281884839,0.5847002862986312,-1.0547301119173107,0.3144750339911129,6.705184723590888,200.29475308928698,-5.536853191082518,174.22154151692226
UDS203722_P4M2Q1_P4M1Q1_P4M4Q1_P4M3Q1_008_1,1.4495626009558196,0.4300441338618927,-0.03552821522702221,0.6572983041973416,0.5922063301936886,0.4126413376615293,-354.109651060723,69.02992901332743,-457.43748753589233,140.9011206787278
CDFS024919_P3M4Q2_018_1,2.2816657613909164,0.34741817468781466,2.5743106188002205,1.4382105809062449,-0.0994771656729162,0.6022273821990826,-99.04981164076729,131.40762993325797,-198.72788313079047,413.9474438413727
CDFS002973_P1M1Q3_P1M2Q3_036_1,0.34063655441903157,0.5265752067797339,0.058097727393204984,0.4610605744368122,-0.711397734645234,0.26456955515718183,-331.20558237098857,342.4835625758714,-802.5788249842838,637.8810891097532
CDFS002584_P1M1Q4_P1M2Q4_P1M3Q4_P1M4Q4_021_2,-1.257794831410478,0.9616839866468458,0.8558795254563054,0.9252809399756945,-1.3662765868823519,0.5419578011464841,124.43136170033702,151.21908079192767,127.46381644762299,444.4605004812454
CDFS202040_P4M1Q3_P4M4Q3_002_2,-0.06324068103867277,0.5857153377119583,1.4810087925576958,0.6066977256280705,0.25306735994576535,0.44416901407983594,-63.25068234806057,298.8291836912417,-243.18060260582652,179.42028006934007
CDFS012607_P2M1Q2_P2M2Q2_P2M3Q2_P2M4Q2_013_1,2.9054110528302832,0.3998131522485938,2.028763384752823,0.49954007539914463,-0.40670585658264147,0.3989872565248633,63.81132646807313,136.021280433387,-11.341352777452963,238.9471320727575
UDS199130_P4M1Q2_P4M2Q2_P2M2Q2_P2M1Q2_001_1,0.06747053132042152,0.621538120011076,0.8964877346624927,0.49050199577738335,0.380756532143509,0.3308036947907132,-188.91576439109733,215.74736707388638,-538.4101057077129,136.4964324216861
CDFS015555_P4M2Q1_P4M3Q1_006_1,1.844786554641927,0.5310697815206906,0.9180516209655127,0.6357366752523196,0.4447435152023352,0.3309325909677629,-190.93037108930136,528.7117148239141,-580.1288923838665,386.6898565312806
UDS023017_P1M1Q2_P1M2Q2_020_1,3.3105933381427795,0.42303547130809177,1.6599304450363346,0.5508729346367317,-0.60633089604075,0.38839622040277516,-131.57700356018213,143.98068034362828,17.837242845147546,149.96167080656102
UDS003685_P1M1Q4_P1M2Q4_P1M3Q4_P1M4Q4_013_1,0.9359951523344627,0.5051839428914416,2.6966495531923607,0.540644217076561,-0.5000487525041504,0.32886840750910673,-221.23033409744863,125.47803214630602,-321.7063052402317,166.19665912246225
CDFS237255_P1M3Q1_P1M4Q1_028_1,1.1483563438218882,0.41130774938851633,1.9136412646292,0.4227261942051363,-0.250217924373774,0.24517760417798817,179.22535875264066,303.80445544228337,463.4694756257404,261.912684181378
CDFS231380_P1M1Q2_P1M4Q2_012_1,1.6129365530153252,0.6181468105450189,1.0761396539098835,0.796430183125475,-1.7892376696976193,0.5414953342205766,64.15680163648284,100.78923253809832,-9.924191017432134,306.6568789604793
UDS196507_P1M2Q1_P1M3Q1_007_1,-2.5752933680515175,0.6580871995412729,1.6629019128853213,0.7354120844098025,-1.1964602920522602,0.33017273458963015,-480.8311683042517,683.1382722852488,234.0306736320503,306.2708776429648
UDS024483_P2M2Q1_P2M3Q1_042_1,1.9400625445954183,0.6339302484732856,2.655631183926949,0.8671639938669793,-0.1803860507244132,0.45900303845744095,-43.236189928795476,154.99127657510928,-244.6091215809234,229.71571210647897
CDFS025948_P3M4Q2_008_1,1.4867875321935102,0.21983599441519502,1.4757441112571577,0.2584479917133745,-0.9897898130633274,0.2794051361455657,-237.466888353653,110.04035109801826,-102.96096515999801,38.10341521543642
CDFS202794_P2M2Q3_013_1,-0.4826024574332026,0.6893646705832268,0.8491494192228414,0.4351135672868478,0.13319266765252488,0.2736765587477436,204.83862329686028,628.1640399702713,0.04863052593011446,284.84213361394967
CDFS015039_P4M1Q2_P2M4Q2_002_2,2.064298032938601,0.3788483846283479,1.5387262490342568,0.4885888386921148,-0.904358342623108,0.25271385809314406,-65.7009446099644,74.3558999650797,-270.26027916525885,131.78284914494
UDS015507_P2M1Q1_P2M2Q1_P2M3Q1_P2M4Q1_004_2,1.7885739264473268,0.4345222517251048,3.8752917587200257,0.5994680480467622,0.6302449770503078,0.40546309739171466,-50.78513080292508,165.83145604054567,202.36572977415278,329.17825535651485
UDS303309_P2M1Q3_P2M2Q3_P2M3Q3_P2M4Q3_011_1,0.593149326911821,0.514057831817701,0.9375117161782278,0.5193150179403172,-0.6841840280123705,0.3452155508654586,-68.57913186090072,438.86349777626094,-34.04461465300974,243.38548187502195
CDFS001760_P3M2Q4_P3M3Q4_002_1,-3.0194084615124996,0.5694626405569804,-0.05792672400510873,0.34194618590074977,-0.31971640884885066,0.2105176942361505,-77.03486606447342,760.9219912803237,-1353.0554293679868,649.741299525163
CDFS025828_P2M3Q2_P2M4Q2_013_1,-0.036919567052927205,1.1657333410024873,-0.07682152816928955,0.7005591876860554,-1.1767650207459168,0.3573783461960581,52.81454872890502,510.8287155091222,55.8462793597206,187.49375107273391
CDFS202715_P2M1Q3_034_1,1.6440954075932113,0.4925095454355205,2.038310036847886,0.9718752915017002,-0.030338652593798674,0.3763191179968944,-73.12419343219555,67.54308459315597,-848.6076824805174,466.09736152766584
UDS382631_P4M4Q2_024_1,0.8458920027953634,0.593139024756531,1.4801763289450722,0.7604255717167677,-0.19121543558694315,0.5751882142101624,166.58816071789502,269.9310550751018,4.298370757724846,311.8953434578036
UDS006212_P4M3Q4_P4M2Q4_P1M1Q3_P4M4Q4_001_1,1.828130795049748,0.43807712372647983,2.0622070122017573,0.7939974940767062,-0.2578758968951074,0.36659443349030496,28.459005407746893,101.47671783633722,-300.5507838051141,443.0404018818163
CDFS003347_P2M1Q3_023_3,-0.27693123019243043,0.31196972244596677,0.8676326538046333,0.306234184313837,-0.15965433837863346,0.2117551719587048,-311.5349053508313,387.69749140655284,-256.5762385681478,284.13166693327923
UDS281966_P2M2Q4_P2M3Q4_024_1,1.9076737487882165,0.4700234568339509,0.6253302508094809,0.7118232732403444,-1.6463616803554735,0.34389349857601587,213.85465836883662,433.16285531484755,268.0764396910579,220.48536609896567
UDS313129_P3M4Q3_020_1,1.9133533981567725,0.42164124191428054,1.147493182787638,0.42860166081345064,-0.7446820043916775,0.2960692144714309,58.96914866947541,285.49041459675385,-212.73594268368,422.173373727118
UDS302249_P4M4Q3_010_2,-1.3655151409371857,0.49343308308771777,2.144519190099436,0.41417054914820106,-0.5717936158779826,0.26340675591004875,24.600779701675926,189.97940563038284,-224.9933102084441,429.3647487482122
CDFS015353_P4M1Q1_015_1,3.774894752714342,0.5022746685565004,3.4085577865630503,0.4243065465218813,-0.4525705233028037,0.2960658054342334,-275.13628610931113,124.20112147605619,-132.5253781836758,188.97375317686448
UDS000184_P1M1Q4_002_4,1.1660411697984356,0.6693849609658202,1.432247921889817,0.5223892665551536,-0.3643893698348406,0.36724745957493693,-289.34814161458934,172.78552508218397,-273.80564904834495,268.4151064261559
CDFS238083_P3M4Q1_021_1,0.9352400422077286,0.5851892145790566,4.552603352268829,0.7064440973738028,-0.5298563013892688,0.3230372910931205,-241.95471703608473,230.1332014446847,504.21435277259843,738.2715794620885
UDS020681_P4M2Q2_P4M3Q2_001_2,3.233458374196621,0.70059928712719,2.2001379699341026,0.5830559227597739,-0.1896453406060029,0.3776735287887698,-627.1171365806102,192.79962245387995,-87.28623497476002,439.7463405195846
UDS017910_P2M2Q1_P2M3Q1_012_1,0.3419866326308868,0.7258101759744523,3.0992485194476513,0.5993732241401336,-0.1433538530976025,0.35989094547385075,-260.3222027219539,288.55363432936406,31.54193296687859,225.64197520959476
UDS002096_P2M1Q4_P2M2Q4_002_2,2.075288754721409,0.6231674569899665,2.6993392292540004,0.7510511197956964,0.12281234180300658,0.4020237838899184,-27.34297981863178,108.06295036677855,-248.0709869660299,331.46619487212126
UDS022006_P4M1Q1_P2M4Q1_001_1,2.199012414691932,0.4939163991598306,2.9009542158828023,0.6492077707704682,-0.7206957934011595,0.37581753341541113,-119.9683891976466,138.0129322431761,-117.53479897547945,146.81276476004845
CDFS009911_P1M1Q4_P1M2Q4_027_2,0.28198072130345386,0.6368238613154045,1.9040321570446734,0.5498053086848453,0.008699235366936675,0.4540464602472058,-25.41892411943007,146.8538370656181,53.423328775231184,153.51434150662448
UDS388069_P1M3Q2_P1M4Q2_001_1,-0.2927324159202905,0.6262191832129048,0.823278123615781,0.6518326414713195,-0.6305504771459755,0.40521830825007116,7.8688898422089375,362.68831527733244,-493.30272775418126,219.30564182889447
CDFS006197_P2M2Q3_P2M3Q3_040_1,-0.6557718331259,0.6665688066979873,1.3731564249895223,0.45705704819703685,-0.4483385629860752,0.5516034139133733,-10.448624592639625,432.15151178929926,7.170875600013951,180.84384069749595
UDS300997_P3M4Q3_016_2,1.6640536443854634,0.4949690704509673,0.4366962216771493,0.5827201149252675,-0.1394996832449715,0.3070149159810662,-522.4353537748399,710.5066569253063,-304.10305903083804,306.12809570585966
CDFS007077_P1M3Q3_P1M4Q3_031_1,1.1072350522604957,0.6186405917801021,1.2184364583751561,0.46581184902627426,-0.1477808011063538,0.36064252907287797,274.9108418008147,145.22360574564968,-350.1605884267054,317.73336265914315
UDS013500_P2M1Q1_P2M4Q1_P3M1Q2_P3M2Q2_002_1,2.2791248401530666,0.44097439100129027,1.4017798138305246,0.5099136447376628,-0.10737468653352972,0.33634693337191995,-87.83497491837664,154.15999756830752,-85.67305152929586,134.52307023121816
CDFS002916_P2M3Q4_P2M4Q4_018_1,4.054344546812181,0.4900380345991457,2.035887304712549,0.623810524172279,-0.5051930155864837,0.3571762595052157,-9.15181705576279,164.4774318361993,-21.557598821461905,128.4819959070682
CDFS019868_P2M3Q2_P2M4Q2_021_1,-2.4344071426818954,0.5760303842414308,1.8178984205298834,0.6027646426809425,0.18855143379869457,0.3201476989548662,-62.476004598319314,484.4487201399633,-281.99907474096784,198.0879336616464
UDS151133_P1M2Q4_020_2,-0.4964624305669946,0.7544750926329078,-0.0651704602079144,0.6126894550945954,-0.5614745752816784,0.4038848245042006,67.77657266553696,430.6279731269017,-276.7531537024397,408.3025337047142
UDS005225_P4M2Q3_P4M3Q3_005_1,1.7550245419849753,0.6664761108076487,-0.27645898000341546,0.8355393172778905,-0.7844649378425428,0.33096590707324774,-236.85150224660066,77.886201092777,-114.73978401279764,293.4038625168456
UDS025991_P3M4Q2_011_2,2.2965926520546227,0.40688133419151606,2.2657034143585726,0.5162765083891063,-0.503868795453559,0.2601658658415123,11.19745801323939,115.81708012136517,-234.1900645755739,140.00375323893715
UDS379942_P4M4Q2_019_2,1.595361710962662,0.7449567507303783,1.856276431689459,0.8214398715245652,-1.8711157124242486,0.4164029929228468,-492.4250080515244,478.99937364708563,16.985197757174557,681.7614897853034
UDS026287_P1M3Q2_P4M4Q1_P1M1Q2_P1M4Q2_P1M2Q2_001_2,-0.8231403287459869,0.4741908876165587,0.22019235430637316,0.3854405783954652,-1.2661364141423535,0.32459792361034656,-125.91138140275206,280.25411542629547,-102.55137020625176,282.07599984718814
UDS026179_P2M3Q2_P2M4Q2_015_1,3.03176553628778,0.44979255194001044,1.8980553471874002,0.506230927260701,-0.8568575907912661,0.3080406660731112,-106.1189265462255,243.93547973608528,-455.7098522559215,340.3303396391665
UDS025440_P2M1Q2_P2M2Q2_034_1,1.3786022708348062,0.3506201759008759,2.0004837272346196,0.4575508159397436,-0.617409129271262,0.31234815433915625,-285.02688358602154,94.93761158197199,-454.8458203731151,64.04384333997781
CDFS018947_P2M1Q2_P2M2Q2_P2M3Q2_P2M4Q2_014_1,1.3449938047352732,0.45942712963102417,1.832706008307028,0.40937455457401994,-0.33515945399757496,0.27118069364462016,-430.4359325848833,237.10799454286698,47.6982086856629,68.73047080309594
UDS003820_P1M4Q3_P2M1Q4_004_1,-0.06080236727707572,0.5413114181731015,0.1014946266410165,0.49832294769090973,-2.3223198964073406,0.3030879934277241,17.33888747279836,239.8653317014347,-93.97751626948553,177.53094343631474
UDS023011_P2M2Q2_P2M3Q2_016_1,1.792234834506805,0.41997703713630213,1.4383343673463969,0.45948682728040535,-0.6556440138537597,0.35101352528122504,-56.58641414636325,74.04045795057618,-21.374212889747643,223.84175897435628
CDFS006417_P2M4Q4_P4M3Q4_P4M2Q4_P4M4Q4_P4M1Q4_001_1,1.1274480647628293,0.4438149306228465,1.959206354863241,0.5641184540887854,-0.18838290094926582,0.32185586284172546,129.78428479148263,129.0090029096654,33.22983941831881,364.2751240520891
CDFS208015_P2M1Q4_P2M2Q4_P2M3Q4_P2M4Q4_002_2,1.4745147521596513,0.30016362386790096,1.4477013882263352,0.30611497760995615,-0.2805235357849071,0.16498371467677872,117.60333150233382,97.23000160486382,-37.153976935135304,116.91779670043161
CDFS243177_P3M4Q1_P1M2Q1_P1M1Q1_001_1,0.7749692751663969,0.38158667540288793,2.373540229912974,0.3264503721643799,-0.4225304051346926,0.2111512132570651,-59.902638154390665,71.19648911365078,-284.8283217345277,121.38860779007253
CDFS231741_P2M3Q1_P2M4Q1_012_1,1.2947507596964631,0.36224985002163396,1.5053270997557504,0.2618626795670829,0.013548573140854434,0.16690045785847724,-587.0673460831306,127.7656218085992,-0.3968415044413421,270.8915047131296
UDS382056_P3M4Q2_P1M2Q2_001_1,2.5182910143368806,0.29736234799792444,1.7094847267794078,1.0249943844200513,-0.9424340010441956,0.3586332291444571,100.36316357468692,120.2665285705088,-286.13927314780693,366.977072139031
CDFS004219_P4M1Q3_P4M4Q3_P4M2Q3_P4M3Q3_004_1,0.5334560325116345,0.29244445938448926,1.99853683428924,0.2385163296758912,-0.4163596784067435,0.16089741528804186,-145.76947029527423,97.52314837293746,-170.33545856369034,115.26669718582565
CDFS219212_P1M3Q3_P1M4Q3_032_2,2.790501917076681,0.8625023517760646,2.968774002389293,0.5873810818406605,-1.3116784718149879,0.30472205119089324,-291.8217687807458,209.51017649227902,-67.08214177873137,168.85391945758045
CDFS016444_P4M4Q1_003_3,1.1788260873134864,0.405598718027247,1.5357103413791124,0.4345528484993471,1.4097732963596992,0.27457503766768804,-8.833054800543378,40.93115077255868,304.34112309757427,310.30474191438975
UDS306754_P2M1Q4_P2M2Q4_P2M3Q4_P2M4Q4_005_1,0.26824219758484036,0.4250146174921089,1.2261492357337638,0.590803745961803,-2.0058119318386174,0.3864062740533144,127.01727629143669,11.716605188033224,-9.019887573895511,281.2364849598027
CDFS032065_P1M1Q2_P1M4Q2_P2M1Q2_P2M2Q2_004_2,3.5952010556280656,0.5868903142622033,0.9065885460612597,1.02432716321754,-1.062131567160456,0.519471591004627,-1.5204261853725678,342.48239102122335,-296.7007461256128,337.5440671956112
CDFS202205_P2M1Q3_P2M3Q3_001_1,3.504712741243619,0.5514462233377435,3.043510376653542,0.34395783153965204,-0.23768717703510933,0.21587446901746726,-94.05405251646752,237.01079054681193,-106.8168298168407,131.78073561522976
CDFS105702_P1M2Q4_P1M1Q4_P3M3Q4_001_2,-0.06193127799421905,0.4489559287659997,1.7794985465521787,0.30674103238844813,-0.5542069834948317,0.22622284958358507,-193.58348588016204,75.13137088486698,-333.3280934825718,110.34388576832153
CDFS238431_P3M3Q1_P3M2Q1_009_1,2.377899316852076,0.47588733230094166,1.837584474288802,0.8428430582650969,-0.8068826694485274,0.2198085992357471,102.0429751922768,211.52601400468313,-45.113023111252126,356.5939513317936
UDS021954_P4M4Q2_P4M3Q2_P2M1Q2_001_1,2.01028168564155,0.5646805331898097,-0.41631074545170327,0.7115744045568623,-0.22093741054493,0.4044678971107705,-149.21171671894743,288.5631318870039,233.43982221278185,417.5310311721999
UDS027087_P2M1Q2_P2M2Q2_009_2,2.755042510610495,0.30720327853176993,2.317805552756904,0.29028729855694674,-0.3513907008501857,0.18202289109575012,-145.90496799476125,124.29850800701512,-130.35503155101378,74.42684816511921
CDFS233973_P3M3Q1_015_3,1.0995883455486153,0.3563217921543947,-1.2620773801093141,0.4744481834541781,-1.5165095476060229,0.40920849785791913,-263.2670788101909,236.9604095802851,26.154723447556865,318.37929890568836
UDS200849_P1M1Q1_048_1,2.201497173860077,0.6499448507181355,1.0587635693542652,0.7829977885559741,-0.6626790340196016,0.4606509213318917,-38.83090062080449,404.6808828173374,-467.37906058654704,670.0181982937686
UDS026775_P4M2Q1_P4M3Q1_004_1,2.384281199183796,0.7051326836749922,2.8972600304199045,0.419089877754158,0.04069815431793789,0.23884712376375458,-194.25172786608786,141.54885605672814,77.32794892005174,141.45760511897555
CDFS019568_P1M4Q2_P2M1Q2_007_1,-0.08979023585248136,0.7210343874333581,0.5984603241039657,0.5597955222781309,-0.26663608195786354,0.4404709182287288,91.02466669948238,267.31809106611735,336.9436208947461,579.1568893009452
CDFS205173_P2M2Q4_P2M3Q4_022_1,0.8666884500480134,0.38962167261704395,1.1128832874959085,0.3641937435487163,0.16984908203749208,0.20340818224079965,-304.9419563581836,280.86812817957787,-317.3354975892877,184.1148596877697
CDFS017602_P1M2Q2_P1M3Q2_025_1,1.2693811007740339,0.6145356932419151,2.432198178561902,0.5660068768716786,-0.6684727686607184,0.39266708272326084,-369.90892308135267,121.85075105934106,-452.1928728775233,129.95907067837584
UDS002789_P3M1Q3_012_2,-2.1491991032597033,0.9029924200949739,,,,,15.249285624330128,288.9870599425442,,
UDS004023_P3M3Q3_P3M1Q3_P2M1Q4_P1M4Q3_P3M2Q3_P3M4Q3_001_1,2.087787645654974,0.2967080506388734,2.3859879085652045,0.3535104309294131,-0.07379527984278904,0.24288653962771803,125.49696879881806,143.6602506401177,-66.02399618940028,174.46180858455185
CDFS026421_P2M3Q2_P2M4Q2_010_1,3.2766089482931586,0.45992932351380456,2.695580386289515,0.33921142585034186,-0.337579345854636,0.6257862467348689,-75.09662992448438,107.94939995568554,-42.46707633219479,137.88571953455485
UDS006692_P1M1Q4_017_1,1.8619174678796984,0.4282386244909268,0.6499765196787288,0.34914334735774005,0.289442596916375,0.2254764360431456,-77.8966127744199,288.84716377051825,-405.04370804601257,241.9846036204205
CDFS235637_P3M4Q1_019_3,1.1956204668120907,0.38554516456889076,1.0563280690816654,0.5948974397124549,-0.06519408041416017,0.28150609571763835,136.39958417693492,176.49154668897208,-297.48997265283765,162.15380467438268
CDFS013975_P4M2Q1_P4M1Q1_P4M4Q1_P4M3Q1_001_1,2.313086888061635,0.8912512688665736,3.341098440072422,0.7073384212568055,-0.6152252578897133,0.39496675150526966,-240.45714607529243,192.8560935262157,330.6510861664349,290.7089433075844
CDFS247279_P4M3Q1_P2M4Q1_P3M1Q1_001_2,3.454355206841644,0.371935736160783,,,,,53.40285332496054,131.97461378946142,,
CDFS123006_P2M3Q2_P4M1Q2_P4M4Q2_P2M2Q2_P4M2Q2_P4M3Q2_001_1,-0.3211732669681422,0.6669421914685572,1.8619679680185037,0.5240632654515479,-0.5395635739023695,0.36824521653000275,-257.0449391153318,318.30643113334173,-243.76216021918472,239.8301124372503
CDFS141027_P2M2Q1_P2M3Q1_001_2,-1.0198128024452775,0.49185552275165534,-0.057095499115412174,0.5253645190947658,-0.09103638322791524,0.3510363257117317,1196.3213265627094,950.2387964643195,344.79140617865625,496.2772538754442
CDFS216104_P4M1Q3_P4M2Q3_001_1,-1.1754046905061353,0.857588774917064,1.2894231144578983,0.4643427842716428,0.22285205246629422,0.31087057427050496,-884.3001914902509,498.0888133146014,-298.21248972473956,316.37875692885115
CDFS012786_P2M1Q1_P2M2Q1_P2M3Q1_P2M4Q1_005_1,-0.054474067302924756,0.39751699275631824,2.0077995828705353,0.48395711075467146,0.20453125714433293,0.2833607620923392,-358.76510955125923,511.15452038656,225.45540133981018,390.1855846791605
CDFS129887_P2M3Q1_P2M4Q1_014_1,1.6101248396218042,0.4214802541234799,1.5692241934032052,0.3734465389360483,-0.6946795634246032,0.20490540767157323,31.819861044584318,110.47161995494331,-90.46914906856959,178.26126673342287
CDFS247534_P1M1Q1_P1M2Q1_P1M3Q1_P1M4Q1_011_1,0.8518892544538232,0.460541926634317,1.3199366459171111,0.5357658078512649,-0.19788383972567908,0.3647351585245068,-227.4260277850919,127.48645957210721,-224.9933102084441,86.1507170363613
UDS392966_P4M3Q1_017_3,3.190879213447485,0.4088046743424812,2.7444381397799855,0.4554146297024542,-0.5377121840515925,0.2703571303888697,-99.53463808537876,87.54919911300021,-125.35602108747199,153.66236938963777
CDFS013810_P4M1Q2_P2M2Q2_001_1,2.210602032129015,1.1171899804516603,3.6824670905832813,0.5501887310171306,-0.7034784228305526,0.3386678896301663,225.2520325009117,215.50596189171986,-120.62847091250391,143.32190387210122
CDFS023349_P4M4Q1_P1M2Q1_P1M1Q1_001_1,1.5214067950713317,0.38934588858808744,1.8354621716557606,0.2745380954025585,-0.3099885259886442,0.17830087356085764,44.62218667882272,11.1051317962614,-169.74327360683552,79.86262520512581
CDFS101998_P4M3Q4_P4M2Q4_P4M4Q4_P4M1Q4_015_2,0.9563393112028219,0.2922408784136212,0.9932717273514658,0.28838810777838614,-0.35932206899258545,0.1895922854635872,-513.8229789015876,541.0551669839208,-186.68328309965474,128.3498830942671
CDFS005891_P4M3Q4_P4M2Q4_P4M4Q4_P4M1Q4_007_1,-0.08725630300651199,0.5966482516810923,0.3256945883262343,0.6004593742456358,-1.0012432256712829,0.3276142561110252,-331.8030278002387,394.33849225295694,-77.2179789565028,164.56211107947973
CDFS245764_P2M3Q1_P2M4Q1_010_2,1.7837268197658007,0.3827078238681206,2.443538272708867,0.3854054218661404,0.01741611803531798,0.2033566580229346,134.95686055987719,58.9498440087664,-66.53578201844714,125.18096879704751
CDFS019150_P1M3Q1_P1M4Q1_017_1,1.0811221428603857,0.43905549264403276,2.868372512616558,0.38128289601144544,-0.3383565820670719,0.25076943049497963,-355.80752621042353,136.59907112834162,-6.579014285972534,215.4116056020401
UDS025237_P2M3Q2_P2M4Q2_024_2,-0.5972920663351662,2.6019771148706363,1.7388818554763428,0.4102666628575874,-0.16412940976688087,0.2654664322673024,-1359.808570474406,863.8023897433612,-122.6289008752561,135.48369042084067
CDFS246390_P2M1Q1_P2M2Q1_P2M3Q1_P2M4Q1_007_2,0.5883261686671568,0.6992610131937802,2.60225432147773,0.4561714521243273,0.6329114396508726,0.2793250857868826,-189.67988126881625,620.1800673805675,46.35744402703454,195.08114471701532
UDS018635_P3M3Q1_P3M4Q1_P3M1Q1_P3M2Q1_003_2,3.0883948476875602,0.41395005522983924,1.6113162860011863,0.443458016749367,1.6188585522360264,0.27996853700988605,-390.30804273259446,106.72110111004933,-300.7756268344074,115.85299129594553
CDFS111156_P3M1Q4_P3M4Q4_P3M2Q4_P3M3Q4_005_1,0.6917780307651048,0.38870200531593807,1.3401451560496485,0.3707121145611678,-0.8276469118442271,0.2284308959165702,-42.60273008320155,161.56515193652,86.15111529996655,184.77191206833533
CDFS205427_P2M2Q4_P2M3Q4_007_1,2.5710964685432507,0.5732366287454611,1.3987199754035513,0.7542540514361179,-0.6000824583129971,0.4371339351443016,241.69636306486984,132.54035512588777,-210.83206703257915,188.32065415491084
CDFS023037_P1M1Q2_P1M2Q2_P1M3Q2_P1M4Q2_007_1,2.272584260979391,0.49506502454216783,2.208336958581917,0.51013771026854,-0.9035880790306599,0.29145960951646505,-170.94664540186218,135.85119388761072,-58.1812829133838,124.55965529738343
CDFS115905_P1M1Q3_P1M4Q3_017_1,3.6937939599793186,0.39982673774161587,2.4385495527698238,0.3723712958182235,0.1722411475517277,0.27482447419353007,-450.22577554317144,208.91500525095813,-179.44390239991108,69.32150434321848
CDFS022652_P4M4Q2_P4M3Q2_P1M4Q2_P2M1Q2_002_1,1.5059679535319581,0.4526543520304264,1.716120775419794,0.3884828596666712,0.00392783399019829,0.24585923924945988,116.97358927104675,136.62389239472455,48.6659008518347,169.75349330427508
UDS013308_P2M1Q1_P2M4Q1_010_2,-0.2227972936223638,0.7565558992689212,1.1718479717299084,0.6157667420655991,0.04467977084413274,0.4297143346068018,1125.4196684371238,779.3113260522254,-148.37570424481828,170.14538716291167
CDFS020533_P3M1Q1_P3M2Q1_001_1,1.2949519162133358,0.4406810974042894,0.887189896461708,0.3378371997578407,0.48571787151350965,0.22757837371292383,306.33710263249844,121.44282969059671,116.47870189735315,253.32540045355654
CDFS232550_P4M4Q1_025_1,2.0886268320657133,0.5375307228308593,2.606131576330178,0.4107809650514332,-0.20063661318709652,0.3168652112628046,-493.8053812566019,72.18868155675713,-559.4438297442628,127.581385980483
UDS026193_P3M3Q2_P2M3Q1_001_1,2.0239134664889087,0.6717739096049092,1.7139234202019877,0.6940391686420441,0.23318797673485603,0.48059419479952575,-290.0511804638026,213.93517004797258,-318.9736896860569,140.2934810705147
UDS004734_P1M4Q4_010_1,1.3543044544455456,0.6732636686301681,2.2705643895301755,0.5479872077677225,0.07769000448999355,0.3237783708513255,90.87752334881755,112.97274970484474,154.43087496907017,256.35828855468003
CDFS003496_P3M4Q4_002_3,1.2983563163881726,0.6184499028587265,1.1342795084131885,0.4982635177334363,-0.6662725689136128,0.3103175814327949,-280.28310663181793,763.7301249114124,-278.5015089084051,413.149501582624
CDFS002429_P3M4Q4_014_1,3.033475325005624,0.7080903646428598,2.502274908177842,0.31999166766237847,-0.2950652867816599,0.1858400847177931,-149.20307500279256,433.1872436319535,-102.28325534843103,55.92804169301214
CDFS226606_P2M1Q1_040_1,0.8050813120991122,0.6143122427796252,1.5644546194266287,0.5557165462292468,-1.508268632319726,0.39296156036269886,-2.8748412016067424,83.64093339844476,28.025603282079356,278.0468226843917
UDS395442_P4M2Q1_P4M1Q1_P4M4Q1_P4M3Q1_010_2,2.2231137433861643,0.45553421376013276,1.3379244974017785,0.4943380593374123,-2.333445368701551,0.9339256118021456,91.89065597091738,134.64329257836752,139.53500737578943,139.73064691076942
CDFS245649_P4M2Q2_032_1,2.267165688262882,0.48706648796339164,1.7107087251792796,0.3724090337383196,-0.36592798131220117,0.20706980856557267,18.199958687761082,125.60942177445087,-91.80289830704574,122.20409342621673
CDFS208175_P3M1Q4_P3M4Q4_P3M2Q4_P3M3Q4_009_1,1.8032088374817645,0.6454221109231767,1.1957855078261737,0.685488937264296,-1.093346161866733,0.4418954909631651,-369.0234466029404,365.96239039286974,74.96039727283535,217.78315960709168
UDS383320_P3M2Q2_015_1,1.6733228388594223,0.5547617338734249,1.3800391626958877,0.574898540439732,-0.4148786849797119,0.3073845482324806,81.9391711280555,89.96350899272424,-0.46895049816799017,145.72929836819318
UDS003664_P1M1Q4_010_1,2.7675672626386705,0.501196041273063,2.2605717099942324,0.6094903868512235,0.11658842775150881,0.37265181715397666,-155.80515744206127,243.00201325791318,-357.3637735591196,203.35510000887265
CDFS001986_P4M2Q4_P1M1Q4_P1M4Q4_P1M3Q4_001_1,2.534573520369736,0.30436644173780003,2.1143733799406257,0.3514755164024865,-0.015788168851995285,0.2290410002145367,-118.34929492986788,58.448811942481164,43.110564875184906,107.71694372861623
CDFS019367_P2M2Q2_P2M3Q2_010_1,3.0662154839897138,0.6015106312071185,2.477771718224967,0.6722027154404602,-0.8043418563350595,0.3570874126863533,77.9402077665761,560.6583745982629,-60.140666091027015,259.7710022400569
UDS022237_P4M2Q2_P2M2Q2_001_2,3.5009136160671064,0.5296975281211971,2.3939122098314782,0.7187409148140377,-1.1295176342319744,0.4456117760047764,-70.61212437791977,133.72051745997618,-145.73111320736876,223.34192480034488
UDS009473_P4M2Q4_P1M1Q3_P4M4Q4_001_1,1.6694193778344868,0.45125347627429946,1.758156038556959,0.8882588321352425,-0.00045247863647718267,0.4298899423879483,-186.95655299053277,121.11711698823828,-266.69439581169036,206.5266034882637
CDFS131961_P3M3Q1_P3M4Q1_P3M1Q1_P3M2Q1_002_1,0.023331132545685154,0.3776123607357125,0.27575856765516626,0.7215330648082178,-0.6545594269878195,0.5069451442192419,-475.16112608316735,895.445077674947,-591.8326428563831,645.5325604161789
UDS149311_P1M1Q3_P1M2Q3_040_1,1.2020948119577541,0.3936182530851348,2.4116712050836706,0.4015446493285507,-0.803573944879786,0.23561027859371905,-67.21162861194512,11.864636449706245,123.16900774435133,139.20962830045423
CDFS018201_P3M3Q2_P1M1Q2_P3M2Q2_001_1,0.945931878058131,0.3867337760164015,1.2595632409019766,0.42004266846868626,-0.9178463484240122,0.22327729561300266,369.851936111559,210.32269554559258,194.8863200566664,147.45131289268033
CDFS113988_P3M1Q4_040_1,4.164553971303668,0.504163792252313,2.723357630316385,0.7205888606197953,-0.25330721917015697,0.3918816145400468,-154.41036590074975,233.83912864582163,-378.5932762426434,383.5148210689966
CDFS024679_P2M2Q2_P2M3Q2_014_1,1.380556062313033,0.40406213111598616,2.024048915764363,0.37277069654004485,-0.35603314022090227,0.2430641454830212,-231.62105270116638,42.850284254638645,-320.95036084858066,114.13306908949373
UDS205390_P1M3Q1_P1M4Q1_012_1,3.074007359125635,0.3581325342449673,2.399829744952609,0.4546388779123031,-0.6729467646632433,0.3128239619033072,-322.8678841022,55.640181834615696,-219.02301607723456,102.05293614880691
CDFS206968_P1M1Q4_P1M2Q4_P1M3Q4_P1M4Q4_001_2,3.3153670738259793,0.283454639102338,1.909407162833524,0.30468822777914534,-0.049762049389638255,0.17223492292384804,-225.33387264619802,105.93736974556214,-105.15686138843336,90.29456451854573
UDS156231_P1M1Q3_P1M2Q3_P1M3Q3_P1M4Q3_P2M1Q4_P2M2Q4_P2M4Q4_001_2,2.153660081496967,0.39090394019688085,1.412869777476912,0.4167710900891776,-0.4307387277037682,0.29981017226152307,-0.04307644565321063,124.49154739547264,-11.913269293256102,155.76047144074897
CDFS107428_P1M2Q4_P1M3Q4_011_1,2.2620188880485577,0.5217539414713592,1.4441742327167486,0.6538284155941068,-1.6263324716935221,0.5140526032154282,-242.21055315087966,180.06677562917608,40.1438302948886,218.36615045948776
CDFS014729_P2M2Q1_P2M3Q1_021_1,0.7655678373223731,0.534145679667652,0.24839289036867157,1.2799695083281073,-1.0604998277723883,0.6261542147892979,190.88477352469832,318.47988795401784,111.04637096032366,571.1628305508473
CDFS229304_P4M4Q2_004_2,4.096562596479904,0.5380273156137071,2.3402539538460028,0.5633317363334571,0.43227582046125085,0.3815126120494,-335.76559315351693,300.41581194986736,-2.3775396599116,174.26359800768876
UDS013248_P2M1Q1_P2M2Q1_P2M3Q1_P2M4Q1_001_1,3.3125660779491524,0.4215340970895878,1.708963429014846,0.7454232519689572,0.2770963562186569,0.34562556667295496,81.22579826341159,185.56959371969836,51.51601703234552,242.78941715356405
CDFS122324_P2M1Q1_P2M2Q1_P2M3Q1_P2M4Q1_002_2,0.24848452724699055,0.6052470092204645,1.5408099515539373,0.4668899099675398,-0.5367060124484927,0.31320785530028583,-48.64974987511114,70.92153823344957,-676.4167990617493,350.7229288206778
UDS387003_P2M1Q2_038_2,,,,,,,,,,
UDS304073_P4M3Q4_P4M2Q4_P4M4Q4_003_2,,,,,,,,,,
UDS378396_P3M2Q2_008_1,,,,,,,,,,
UDS291550_P2M2Q3_P2M3Q3_033_1,,,,,,,,,,
CDFS002312_P3M4Q4_017_1,,,,,,,,,,
UDS391246_P1M2Q2_P1M3Q2_010_2,,,,,,,,,,
CDFS212043_P4M1Q3_P4M4Q3_P4M2Q3_P4M3Q3_013_2,,,,,,,,,,
UDS019302_P2M1Q2_P2M2Q2_P2M3Q2_P2M4Q2_003_1,,,,,,,,,,
UDS200677_P3M2Q1_P3M4Q1_P3M1Q1_P1M4Q1_P1M1Q1_001_1,,,,,,,,,,
CDFS023527_P4M4Q2_P4M1Q2_P4M2Q2_P4M3Q2_006_2,,,,,,,,,,
UDS389704_P2M1Q1_P2M2Q1_P2M3Q1_P2M4Q1_005_1,,,,,,,,,,
CDFS209144_P2M2Q3_P2M3Q3_023_1,,,,,,,,,,
UDS309597_P3M2Q3_008_1,,,,,,,,,,
CDFS229681_P4M1Q2_P1M4Q2_001_2,,,,,,,,,,
CDFS008812_P3M3Q3_P3M2Q3_009_1,,,,,,,,,,
CDFS103010_P4M3Q4_P4M2Q4_P4M4Q4_P4M1Q4_018_2,,,,,,,,,,
UDS006250_P1M1Q4_009_2,,,,,,,,,,
CDFS103836_P4M2Q3_010_1,,,,,,,,,,
UDS376176_P1M2Q2_P1M3Q2_008_1,,,,,,,,,,
CDFS019613_P3M3Q2_017_1,,,,,,,,,,
UDS020353_P3M2Q1_045_1,,,,,,,,,,
CDFS018717_P3M2Q2_P3M1Q2_001_1,,,,,,,,,,
CDFS023249_P3M1Q2_P2M4Q2_003_2,,,,,,,,,,
UDS307828_P4M1Q3_P4M4Q3_P4M2Q3_P4M3Q3_009_1,,,,,,,,,,
CDFS008906_P1M2Q4_P1M3Q4_023_2,,,,,,,,,,
CDFS140458_P2M1Q1_P2M2Q1_P2M3Q1_P2M4Q1_009_1,,,,,,,,,,
CDFS005058_P2M4Q4_P3M2Q4_002_1,,,,,,,,,,
CDFS019593_P1M4Q1_P2M1Q1_004_3,,,,,,,,,,
CDFS013340_P4M4Q2_P4M1Q2_P4M2Q2_P4M3Q2_001_1,,,,,,,,,,
CDFS204407_P4M1Q3_P4M4Q3_P4M2Q3_P4M3Q3_011_1,,,,,,,,,,
UDS032625_P3M3Q1_P3M4Q1_P3M1Q1_P3M2Q1_005_1,,,,,,,,,,
UDS003712_P2M1Q3_P2M2Q3_P2M3Q3_P2M4Q3_002_1,,,,,,,,,,
UDS019662_P1M1Q1_P1M2Q1_P1M3Q1_P1M4Q1_005_1,,,,,,,,,,
CDFS005198_P4M3Q4_P4M2Q4_P4M4Q4_P4M1Q4_006_1,,,,,,,,,,
CDFS029443_P3M2Q3_P1M1Q3_P1M2Q3_P3M1Q3_002_1,,,,,,,,,,
CDFS206585_P3M3Q3_P3M4Q3_P3M2Q3_P1M1Q3_P1M2Q3_001_1,,,,,,,,,,
CDFS018372_P1M1Q2_P1M4Q2_P2M1Q2_P2M3Q2_001_1,,,,,,,,,,
UDS300605_P1M1Q3_P1M2Q3_P2M1Q4_P2M2Q4_001_1,,,,,,,,,,
CDFS102333_P2M1Q4_P2M2Q4_015_2,,,,,,,,,,
UDS000493_P1M2Q3_P1M3Q3_009_2,,,,,,,,,,
CDFS006235_P3M3Q3_P3M2Q3_005_2,,,,,,,,,,
CDFS004237_P3M3Q4_017_1,,,,,,,,,,
UDS402843_P4M4Q2_P4M1Q2_P4M2Q2_P4M3Q2_009_2,,,,,,,,,,
CDFS009033_P1M1Q3_P1M2Q3_P1M3Q3_P1M4Q3_003_1,,,,,,,,,,
CDFS102433_P4M1Q3_P4M4Q3_P4M2Q3_P4M3Q3_007_2,,,,,,,,,,
UDS192540_P1M1Q1_P1M2Q1_P1M3Q1_P1M4Q1_010_1,,,,,,,,,,
CDFS019009_P3M4Q1_008_1,,,,,,,,,,
UDS301670_P1M1Q4_P1M3Q4_P1M4Q4_015_2,,,,,,,,,,
CDFS006520_P2M1Q3_P2M2Q3_P2M3Q3_P2M4Q3_011_1,,,,,,,,,,
UDS284955_P3M3Q3_P3M2Q3_P3M4Q3_P3M1Q3_013_1,,,,,,,,,,
CDFS133598_P3M1Q1_P2M4Q1_P3M2Q1_P1M1Q1_001_1,,,,,,,,,,
CDFS019872_P4M1Q1_P3M4Q1_001_2,,,,,,,,,,
UDS293880_P2M1Q3_P2M2Q3_P2M3Q3_P2M4Q3_004_1,,,,,,,,,,
CDFS023666_P3M4Q2_021_1,,,,,,,,,,
UDS379621_P4M4Q1_023_1,,,,,,,,,,
CDFS245566_P2M1Q1_P2M2Q1_004_3,,,,,,,,,,
CDFS005787_P2M2Q3_P2M3Q3_021_1,,,,,,,,,,
UDS193216_P4M4Q2_P4M1Q2_P4M2Q2_P4M3Q2_005_1,,,,,,,,,,
UDS400608_P1M1Q2_037_1,,,,,,,,,,
CDFS025760_P1M1Q2_P1M4Q2_P2M1Q2_P2M2Q2_005_1,,,,,,,,,,
UDS025567_P2M2Q2_P2M3Q2_028_2,,,,,,,,,,
UDS018574_P2M4Q1_P3M1Q2_004_2,,,,,,,,,,
UDS013121_P2M4Q1_P3M1Q2_008_1,,,,,,,,,,
CDFS130840_P3M3Q1_P3M2Q1_004_2,,,,,,,,,,
CDFS132586_P1M3Q1_P3M1Q1_P1M4Q1_P1M1Q1_001_1,,,,,,,,,,
UDS015658_P2M4Q1_P3M1Q2_009_1,,,,,,,,,,
CDFS105315_P4M3Q4_P4M2Q4_P4M4Q4_P4M1Q4_021_1,,,,,,,,,,
CDFS024133_P3M3Q2_P3M2Q2_P3M1Q2_P3M4Q2_007_1,,,,,,,,,,
CDFS228618_P4M1Q1_P2M4Q1_006_1,,,,,,,,,,
CDFS021748_P3M3Q2_P3M4Q2_001_2,,,,,,,,,,
CDFS007541_P3M1Q4_P1M1Q4_P3M2Q4_P3M3Q4_001_1,,,,,,,,,,
UDS014006_P3M4Q1_018_3,,,,,,,,,,
UDS003724_P2M2Q4_P2M3Q4_001_1,,,,,,,,,,
CDFS025472_P4M2Q1_P4M4Q1_P4M3Q1_P1M1Q1_001_1,,,,,,,,,,
CDFS000321_P4M1Q3_P4M4Q3_P4M2Q3_P4M3Q3_001_1,,,,,,,,,,
CDFS207213_P1M1Q4_P1M4Q4_P3M3Q4_P3M2Q4_002_2,,,,,,,,,,
UDS024233_P4M2Q1_P4M3Q1_003_5,,,,,,,,,,
UDS141491_P2M2Q4_P2M3Q4_003_1,,,,,,,,,,
UDS021781_P2M1Q2_023_2,,,,,,,,,,
CDFS002683_P3M2Q4_P3M3Q4_003_1,,,,,,,,,,
CDFS018969_P4M4Q1_P3M4Q1_P1M1Q1_001_1,,,,,,,,,,
UDS012992_P2M1Q2_043_2,,,,,,,,,,
CDFS025708_P1M1Q1_006_1,,,,,,,,,,
CDFS245456_P3M1Q1_P1M1Q1_001_1,,,,,,,,,,
CDFS140789_P2M1Q1_P2M2Q1_P2M3Q1_P2M4Q1_001_1,,,,,,,,,,
CDFS017345_P1M1Q1_P1M2Q1_P1M3Q1_P1M4Q1_010_1,,,,,,,,,,
CDFS016735_P4M1Q2_P4M2Q2_001_1,,,,,,,,,,
UDS401040_P4M2Q2_P4M3Q2_011_4,,,,,,,,,,
CDFS221651_P1M1Q3_P1M3Q3_P1M4Q3_007_1,,,,,,,,,,
CDFS017309_P3M3Q1_P3M2Q1_001_1,,,,,,,,,,
UDS021291_P4M2Q2_P4M3Q2_002_2,,,,,,,,,,
UDS393951_P4M2Q1_001_1,,,,,,,,,,
UDS025660_P2M3Q1_P4M4Q1_P2M2Q1_001_1,,,,,,,,,,
UDS026785_P1M2Q1_P1M3Q1_018_1,,,,,,,,,,
CDFS009093_P3M3Q3_P3M2Q3_P3M4Q3_001_2,,,,,,,,,,
UDS013658_P2M1Q2_P2M2Q2_029_3,,,,,,,,,,
CDFS026057_P3M3Q2_P3M2Q2_008_1,,,,,,,,,,
CDFS003906_P3M1Q4_036_1,,,,,,,,,,
CDFS138745_P1M4Q2_P3M4Q2_001_1,,,,,,,,,,
CDFS244772_P3M2Q2_P3M1Q2_007_1,,,,,,,,,,
CDFS020014_P1M1Q2_P3M1Q2_P2M4Q2_P2M1Q2_001_1,,,,,,,,,,
CDFS119091_P3M1Q4_P3M4Q4_P3M2Q4_P3M3Q4_008_1,,,,,,,,,,
UDS150237_P4M2Q3_P4M3Q3_018_1,,,,,,,,,,
CDFS005955_P2M1Q3_025_1,,,,,,,,,,
CDFS102002_P4M3Q4_P4M2Q4_P4M4Q4_P4M1Q4_016_2,,,,,,,,,,
CDFS245693_P1M3Q1_P4M4Q1_P1M2Q1_001_2,,,,,,,,,,
CDFS231194_P3M4Q1_026_1,,,,,,,,,,
UDS295398_P1M4Q3_P1M1Q3_P1M2Q3_P4M4Q4_001_1,,,,,,,,,,
CDFS019276_P3M3Q2_P3M2Q2_001_1,,,,,,,,,,
UDS388686_P2M1Q2_P2M2Q2_P2M3Q2_P2M4Q2_004_1,,,,,,,,,,
UDS002072_P3M3Q3_P3M2Q3_P3M4Q3_P3M1Q3_002_3,,,,,,,,,,
UDS001001_P1M2Q4_P1M3Q4_034_1,,,,,,,,,,
UDS384587_P4M2Q1_P4M4Q1_P1M1Q2_P4M3Q1_001_1,,,,,,,,,,
CDFS208053_P4M3Q4_P4M2Q4_P4M4Q4_P4M1Q4_025_1,,,,,,,,,,
UDS389012_P2M1Q1_P2M2Q1_014_3,,,,,,,,,,
CDFS217045_P1M1Q3_P1M4Q3_008_1,,,,,,,,,,
UDS146648_P1M2Q4_P1M3Q4_007_1,,,,,,,,,,
UDS305382_P1M1Q3_015_2,,,,,,,,,,
UDS312851_P3M1Q4_P3M4Q4_001_2,,,,,,,,,,
CDFS013706_P2M2Q2_P2M3Q2_033_1,,,,,,,,,,
UDS302993_P2M2Q4_P2M3Q4_028_1,,,,,,,,,,
CDFS025408_P2M1Q1_P2M2Q1_024_2,,,,,,,,,,
UDS019365_P2M2Q2_P2M3Q2_008_1,,,,,,,,,,
CDFS002296_P1M2Q4_P4M1Q4_001_1,,,,,,,,,,
UDS024885_P2M2Q2_P2M3Q2_015_2,,,,,,,,,,
UDS157427_P4M1Q3_P4M4Q3_P2M2Q3_P2M1Q3_001_1,,,,,,,,,,
CDFS018808_P4M2Q1_P4M3Q1_010_1,,,,,,,,,,
CDFS017476_P1M1Q1_P1M2Q1_P1M3Q1_P1M4Q1_001_2,,,,,,,,,,
CDFS004636_P2M1Q4_P2M2Q4_P2M3Q4_P2M4Q4_003_1,,,,,,,,,,
UDS391009_P1M1Q2_044_1,,,,,,,,,,
UDS305129_P2M1Q4_P2M2Q4_020_1,,,,,,,,,,
UDS020928_P1M1Q1_P1M2Q1_P1M3Q1_P1M4Q1_006_1,,,,,,,,,,
CDFS138991_P3M3Q2_P1M1Q2_P3M2Q2_P3M4Q2_002_2,,,,,,,,,,
CDFS002646_P2M1Q4_P2M2Q4_P2M3Q4_P2M4Q4_007_1,,,,,,,,,,
CDFS022563_P4M1Q2_P3M4Q2_003_1,,,,,,,,,,
CDFS003032_P2M1Q3_P2M2Q3_P2M3Q3_P2M4Q3_003_1,,,,,,,,,,
CDFS016769_P4M1Q1_P2M4Q1_004_1,,,,,,,,,,
CDFS234860_P3M4Q1_020_2,,,,,,,,,,
CDFS232166_P1M2Q2_P1M3Q2_035_1,,,,,,,,,,
UDS000129_P1M2Q4_P1M3Q4_022_1,,,,,,,,,,
CDFS234134_P4M4Q1_029_1,,,,,,,,,,
UDS025085_P4M1Q2_P2M4Q2_002_5,,,,,,,,,,
UDS020089_P3M1Q2_004_1,,,,,,,,,,
CDFS018505_P4M1Q2_P3M4Q2_001_1,,,,,,,,,,
CDFS004121_P3M1Q4_P3M4Q4_P3M2Q4_P3M3Q4_003_1,,,,,,,,,,
CDFS009113_P1M3Q4_P1M4Q4_029_1,,,,,,,,,,
UDS000632_P1M1Q4_P1M2Q4_P1M3Q4_P1M4Q4_012_1,,,,,,,,,,
UDS019181_P4M4Q2_P2M2Q2_P2M1Q2_001_1,,,,,,,,,,
UDS000865_P2M3Q4_P2M4Q4_021_1,,,,,,,,,,
UDS399863_P1M1Q2_P1M3Q2_P1M4Q2_003_1,,,,,,,,,,
CDFS020583_P4M4Q2_P4M3Q2_P1M4Q2_P2M1Q2_001_1,,,,,,,,,,
UDS008449_P4M3Q4_P4M2Q4_006_1,,,,,,,,,,
CDFS222048_P1M1Q4_P1M2Q4_005_2,,,,,,,,,,
CDFS014908_P4M1Q1_P2M4Q1_001_1,,,,,,,,,,
UDS302862_P1M2Q4_P1M3Q4_009_1,,,,,,,,,,
UDS013664_P2M1Q1_P2M2Q1_P2M4Q1_007_1,,,,,,,,,,
UDS292070_P4M3Q4_P4M2Q4_P4M1Q4_001_2,,,,,,,,,,
UDS006161_P4M4Q4_P4M1Q4_001_2,,,,,,,,,,
CDFS215373_P4M1Q3_014_2,,,,,,,,,,
UDS197598_P2M1Q2_P2M4Q2_012_1,,,,,,,,,,
UDS024105_P4M1Q2_P2M4Q2_001_1,,,,,,,,,,
UDS000330_P4M4Q3_P4M3Q3_001_1,,,,,,,,,,
CDFS106745_P4M3Q4_P4M2Q4_P4M4Q4_P4M1Q4_023_1,,,,,,,,,,
CDFS009489_P3M4Q4_013_2,,,,,,,,,,
CDFS246933_P3M3Q1_P1M2Q1_P3M2Q1_P1M1Q1_001_1,,,,,,,,,,
UDS000800_P4M1Q3_P4M4Q3_P4M2Q3_P4M3Q3_002_2,,,,,,,,,,
UDS391432_P2M1Q1_P2M2Q1_P2M3Q1_P2M4Q1_006_1,,,,,,,,,,
CDFS000814_P4M3Q4_P4M2Q4_P4M4Q4_P4M1Q4_001_1,,,,,,,,,,
UDS294371_P4M3Q4_P1M1Q3_P1M2Q3_P4M4Q4_001_1,,,,,,,,,,
CDFS006905_P3M3Q3_P3M2Q3_006_1,,,,,,,,,,
UDS378854_P1M1Q2_P1M2Q2_P1M3Q2_P1M4Q2_002_1,,,,,,,,,,
CDFS128455_P1M3Q2_P1M4Q2_014_1,,,,,,,,,,
UDS003118_P1M1Q3_P1M2Q3_P1M3Q3_P1M4Q3_006_2,,,,,,,,,,
CDFS105360_P3M2Q4_031_2,,,,,,,,,,
UDS009706_P4M2Q3_P4M3Q3_013_1,,,,,,,,,,
CDFS129134_P4M1Q2_P4M2Q2_P1M1Q2_P1M4Q2_001_1,,,,,,,,,,
UDS295074_P3M3Q3_P3M2Q3_P3M4Q3_P3M1Q3_014_1,,,,,,,,,,
UDS008805_P4M3Q4_P4M2Q4_P1M1Q3_001_2,,,,,,,,,,
CDFS101861_P4M3Q4_P4M2Q4_P4M4Q4_P4M1Q4_014_1,,,,,,,,,,
UDS027014_P3M1Q1_P3M2Q1_009_1,,,,,,,,,,
UDS017507_P3M3Q1_P3M4Q1_P3M1Q1_P3M2Q1_002_1,,,,,,,,,,
CDFS206280_P4M3Q3_P3M1Q3_001_1,,,,,,,,,,
UDS019467_P4M4Q2_P4M1Q2_P4M2Q2_P2M2Q2_P2M1Q2_001_1,,,,,,,,,,
CDFS238730_P4M1Q2_P3M4Q2_005_1,,,,,,,,,,
UDS002654_P1M1Q4_039_1,,,,,,,,,,
CDFS008001_P3M3Q3_P3M2Q3_007_1,,,,,,,,,,
UDS007352_P4M1Q4_013_1,,,,,,,,,,
UDS143762_P4M1Q4_033_1,,,,,,,,,,
CDFS237978_P1M1Q1_043_2,,,,,,,,,,
UDS021975_P2M1Q2_P2M2Q2_P2M3Q2_P2M4Q2_014_1,,,,,,,,,,
UDS157594_P3M1Q4_P3M4Q4_P3M2Q4_P3M3Q4_007_2,,,,,,,,,,
UDS021526_P4M2Q1_P4M1Q1_P4M4Q1_P4M3Q1_002_2,,,,,,,,,,
UDS014660_P2M1Q1_P2M2Q1_P2M3Q1_P2M4Q1_003_1,,,,,,,,,,
CDFS206629_P2M1Q4_P2M2Q4_009_1,,,,,,,,,,
UDS155912_P4M1Q3_P4M4Q3_P4M2Q3_P4M3Q3_008_1,,,,,,,,,,
UDS148188_P2M1Q3_P2M2Q3_P2M3Q3_P2M4Q3_009_1,,,,,,,,,,
UDS029983_P1M1Q3_P1M2Q3_P1M3Q3_P1M4Q3_002_2,,,,,,,,,,
CDFS005667_P4M1Q3_P3M1Q3_P3M2Q3_P2M1Q3_P2M4Q3_001_1,,,,,,,,,,
CDFS207223_P2M3Q4_P2M4Q4_015_1,,,,,,,,,,
UDS155834_P2M2Q4_P2M3Q4_013_1,,,,,,,,,,
CDFS107694_P3M3Q3_P3M2Q3_P3M4Q3_P3M1Q3_006_1,,,,,,,,,,
CDFS245662_P3M3Q1_P3M2Q1_012_1,,,,,,,,,,
UDS292370_P3M1Q4_018_2,,,,,,,,,,
UDS000239_P1M4Q4_P3M1Q4_002_3,,,,,,,,,,
UDS313223_P1M4Q3_P2M1Q4_006_1,,,,,,,,,,
CDFS005764_P2M1Q3_011_1,,,,,,,,,,
UDS025164_P1M1Q2_P1M2Q2_035_1,,,,,,,,,,
CDFS016098_P4M4Q1_P2M1Q1_001_1,,,,,,,,,,
UDS002456_P1M1Q3_P1M4Q3_009_1,,,,,,,,,,
CDFS243761_P3M3Q1_P3M2Q1_010_1,,,,,,,,,,
CDFS018365_P3M3Q1_P3M2Q1_002_1,,,,,,,,,,
CDFS000303_P1M1Q3_P1M2Q3_P1M3Q3_P1M4Q3_007_2,,,,,,,,,,
CDFS101596_P4M3Q3_019_1,,,,,,,,,,
UDS026811_P1M1Q2_P1M2Q2_021_1,,,,,,,,,,
UDS150302_P1M4Q4_P3M1Q4_001_1,,,,,,,,,,
CDFS023403_P3M3Q2_P3M2Q2_007_1,,,,,,,,,,
UDS291619_P3M4Q4_011_4,,,,,,,,,,
CDFS013703_P2M1Q2_013_3,,,,,,,,,,
UDS382820_P3M3Q2_013_2,,,,,,,,,,
UDS383959_P4M2Q1_P4M1Q1_P4M4Q1_P4M3Q1_009_2,,,,,,,,,,
UDS287621_P2M1Q3_P2M2Q3_P2M3Q3_P2M4Q3_014_1,,,,,,,,,,
UDS006967_P1M1Q4_012_4,,,,,,,,,,
CDFS025002_P2M2Q2_P2M3Q2_030_1,,,,,,,,,,
CDFS019988_P1M3Q2_P1M4Q2_020_1,,,,,,,,,,
CDFS009134_P3M3Q3_P3M4Q3_001_2,,,,,,,,,,
UDS293345_P4M1Q4_P2M2Q4_P2M1Q4_P4M2Q4_P1M1Q3_P1M2Q3_001_1,,,,,,,,,,
CDFS023836_P4M4Q2_020_1,,,,,,,,,,
UDS005273_P1M1Q4_015_1,,,,,,,,,,
CDFS202493_P4M4Q3_P4M3Q3_P2M2Q3_P2M1Q3_001_1,,,,,,,,,,
CDFS203169_P4M2Q4_P4M1Q4_002_2,,,,,,,,,,
UDS144044_P4M1Q3_P4M4Q3_P4M2Q3_P4M3Q3_005_1,,,,,,,,,,
CDFS226697_P4M2Q1_P4M3Q1_012_1,,,,,,,,,,
UDS198787_P2M1Q1_P2M2Q1_P2M3Q1_P2M4Q1_011_1,,,,,,,,,,
CDFS018915_P4M4Q1_P3M2Q1_001_1,,,,,,,,,,
UDS020013_P4M1Q2_002_1,,,,,,,,,,
CDFS018882_P4M4Q2_P4M1Q2_P4M2Q2_P4M3Q2_004_1,,,,,,,,,,
CDFS000541_P2M1Q3_029_2,,,,,,,,,,
UDS019380_P1M1Q1_P1M2Q1_P1M3Q1_P1M4Q1_002_1,,,,,,,,,,
UDS017139_P2M2Q1_P2M3Q1_020_1,,,,,,,,,,
CDFS014077_P4M2Q2_P4M3Q2_002_1,,,,,,,,,,
UDS304954_P1M1Q4_001_2,,,,,,,,,,
CDFS244159_P1M2Q2_P1M3Q2_018_2,,,,,,,,,,
CDFS241007_P3M3Q2_P3M4Q2_002_1,,,,,,,,,,
CDFS221733_P3M1Q4_P3M4Q4_P3M2Q4_001_1,,,,,,,,,,
CDFS113741_P4M1Q3_P4M4Q3_P4M2Q3_P4M3Q3_010_1,,,,,,,,,,
UDS310284_P4M4Q4_006_1,,,,,,,,,,
UDS145421_P2M4Q4_P4M1Q4_002_1,,,,,,,,,,
CDFS126090_P3M4Q1_P1M1Q1_001_2,,,,,,,,,,
CDFS025897_P4M4Q1_012_2,,,,,,,,,,
CDFS244400_P3M3Q1_P3M2Q1_011_1,,,,,,,,,,
UDS023283_P3M3Q2_P3M2Q2_P3M1Q2_P3M4Q2_001_2,,,,,,,,,,
UDS002893_P3M1Q4_P3M4Q4_P3M2Q4_P3M3Q4_002_2,,,,,,,,,,
UDS019988_P1M1Q2_P1M2Q2_P2M1Q1_P3M2Q2_001_1,,,,,,,,,,
UDS400818_P4M3Q2_009_2,,,,,,,,,,
CDFS009435_P1M1Q3_044_2,,,,,,,,,,
UDS002133_P4M3Q4_P4M2Q4_P4M4Q4_P4M1Q4_002_1,,,,,,,,,,
CDFS108676_P1M1Q4_P1M4Q4_P2M1Q4_P2M4Q4_001_1,,,,,,,,,,
CDFS017322_P1M1Q2_016_3,,,,,,,,,,
CDFS229589_P1M3Q1_P1M4Q1_015_2,,,,,,,,,,
CDFS002365_P4M3Q4_P4M2Q4_P4M4Q4_P4M1Q4_003_1,,,,,,,,,,
UDS148005_P4M2Q3_P4M3Q3_017_1,,,,,,,,,,
CDFS004717_P1M1Q3_P1M2Q3_P2M1Q3_P2M4Q3_001_1,,,,,,,,,,
CDFS131717_P1M4Q1_024_1,,,,,,,,,,
CDFS137347_P1M1Q1_P1M2Q1_P1M3Q1_P1M4Q1_015_2,,,,,,,,,,
CDFS021143_P1M3Q2_P1M4Q2_018_1,,,,,,,,,,
CDFS022996_P4M4Q1_P4M3Q1_002_1,,,,,,,,,,
CDFS243392_P1M2Q2_P1M3Q2_012_2,,,,,,,,,,
CDFS141322_P4M1Q2_P4M2Q2_P1M1Q2_P1M2Q2_001_1,,,,,,,,,,
CDFS205975_P4M2Q3_P4M3Q3_003_1,,,,,,,,,,
CDFS225317_P2M1Q1_P2M2Q1_P2M3Q1_005_1,,,,,,,,,,
CDFS224952_P2M1Q1_P2M2Q1_P2M3Q1_P2M4Q1_003_1,,,,,,,,,,
CDFS226868_P2M2Q2_P2M3Q2_027_1,,,,,,,,,,
CDFS001911_P2M3Q3_P3M4Q3_P2M2Q3_P2M1Q3_P2M4Q3_001_1,,,,,,,,,,
CDFS002997_P2M4Q4_P3M1Q4_002_1,,,,,,,,,,
CDFS122764_P2M3Q1_P2M4Q1_015_2,,,,,,,,,,
CDFS015347_P4M2Q2_P4M3Q2_003_2,,,,,,,,,,
CDFS132115_P3M3Q1_P3M4Q1_P3M1Q1_P3M2Q1_003_1,,,,,,,,,,
UDS022796_P2M1Q2_P2M2Q2_008_1,,,,,,,,,,
UDS025564_P2M1Q2_P2M2Q2_024_2,,,,,,,,,,
CDFS013423_P4M2Q2_014_1,,,,,,,,,,
CDFS026960_P1M2Q4_P1M1Q4_P1M4Q4_P1M3Q4_P3M3Q4_001_1,,,,,,,,,,
CDFS004151_P2M2Q4_P2M3Q4_006_4,,,,,,,,,,
CDFS016054_P4M2Q1_P4M3Q1_007_1,,,,,,,,,,
CDFS225152_P2M1Q1_034_2,,,,,,,,,,
CDFS020746_P2M2Q1_P2M3Q1_018_1,,,,,,,,,,
UDS148558_P2M1Q3_P2M2Q3_P2M3Q3_P2M4Q3_017_1,,,,,,,,,,
CDFS115673_P2M3Q3_P2M1Q3_P4M4Q3_P2M2Q3_P4M3Q3_P2M4Q3_001_1,,,,,,,,,,
UDS014492_P3M3Q2_P3M2Q2_003_1,,,,,,,,,,
UDS020437_P1M1Q1_P1M2Q1_P1M3Q1_P1M4Q1_007_1,,,,,,,,,,
CDFS023170_P1M3Q1_P1M4Q1_013_2,,,,,,,,,,
CDFS234108_P1M3Q1_P1M4Q1_022_2,,,,,,,,,,
CDFS246045_P4M2Q2_P4M3Q2_010_1,,,,,,,,,,
CDFS013447_P2M2Q1_P2M3Q1_027_2,,,,,,,,,,
CDFS203517_P4M3Q4_P4M2Q4_P4M4Q4_P4M1Q4_024_1,,,,,,,,,,
UDS022198_P1M2Q2_P1M3Q2_026_1,,,,,,,,,,
UDS022130_P2M3Q1_P4M4Q1_P2M2Q1_P4M2Q1_P2M1Q1_P4M3Q1_P2M4Q1_001_2,,,,,,,,,,
